"NAME","STREET_ADDRESS","SECONDARY_ADDRESS","CITY","STATE","ZIP","RECORD_ID","RECORD_TYPE"
"BETTY WATSON","1272 CITY PARK AVE","","COLUMBUS","OH","43206-3612","156324181","E"
"REBECCA MEGAW","1885 POPLAR PL","","LEWIS CENTER","OH","43035-7785","156047367","E"
"BRITTANY COCHRAN","10120 WINSTEAD LN","","CINCINNATI","OH","45231-2718","158949271","E"
"DARREN RENZ","5777 OLDENBURGH WAY","","DUBLIN","OH","43016-3274","157709877","E"
"ANDREW UZOMBA","790 KENWICK RD","","COLUMBUS","OH","43209-2573","153861054","N"
"MADHURI GUPTA","2492 AQUARIUS DR","","CINCINNATI","OH","45231-4171","156227390","E"
"SETH NEWELL","16251 E STATE ROUTE 37","","SUNBURY","OH","43074-8950","154918518","E"
"CATHY WALTERS","1051 YORKWOOD RD","","MANSFIELD","OH","44907-2434","159458971","E"
"SAMUEL WILKIN","3841 PANHANDLE RD","","LYNCHBURG","OH","45142-9449","155404195","E"
"EVA WAGNER","66 GREENLAND DR","","NEWARK","OH","43055-3438","158683042","E"
"CAMERON MOONEY","226 N COLLINWOOD AVE","","FREMONT","OH","43420-4320","158607846","E"
"RAYMOND DOTSON","3797 TRENTON RD","","HAMILTON","OH","45011-5861","158710924","E"
"BRADLEY MICKNA","66 HIGH ST","","SEVILLE","OH","44273-9308","157522184","E"
"ANGELA MICHAELS","3464 COUNTY ROAD 23","","BURGOON","OH","43407-9728","154361971","E"
"WADE LEE","1674 E 276TH ST","","EUCLID","OH","44132-3504","156719011","E"
"JULIE BUKOWSKI","6203 THORNTON DR","","PARMA","OH","44129-4130","154758155","E"
"ANIL VERMA","23 BEAUFORT HUNT LN","","CINCINNATI","OH","45242-4671","159903278","E"
"AMANDA STOKES","923 KINGS CROSS DR","","WADSWORTH","OH","44281-7722","159399251","E"
"ASHLEY LOPEZ","4580 OCALA DR","","PARMA","OH","44134-6332","159789050","E"
"TIA ARNOLD","9996 SHELLBARK LN","","CINCINNATI","OH","45231-2356","156340140","E"
"MARGRET KHALIL","6476 STATE RD","APT H14","CLEVELAND","OH","44134-7702","158250548","E"
"GANGA DEWAN","6612 KINGS CHARTER RD","","REYNOLDSBURG","OH","43068-1941","159486116","N"
"JONATHAN MCYER","3306 LANSMERE RD","","SHAKER HEIGHTS","OH","44122-3406","159367272","E"
"JEFFREY EISENBERG","2620 CLUBHOUSE CIR","","POWELL","OH","43065-8632","156719007","E"
"CASSANDRA SALLEE","4688 KIRBY AVE","","CINCINNATI","OH","45223-1544","153856527","N"
"ANITA MEFFORD","520 OBRIEN RD","","LUCASVILLE","OH","45648-9558","156661700","E"
"JAMES CASEBOLT","840 VILLAGE PKWY","","NEWARK","OH","43055-2851","158371486","E"
"STEVE FEATHERSTON","8485 LINDERWOOD LN","","CINCINNATI","OH","45255-3267","159993606","N"
"RACHELLE HYAMS","8150 WOODWARD DR","","WEST CHESTER","OH","45069-2856","156693510","E"
"SUZANNE TOOKER-ODELL","2480 CRYSTAL SPRINGS DR","","HILLIARD","OH","43026-6906","158355886","E"
"AARON WARE","3350 FOXCROFT DR","","LEWIS CENTER","OH","43035-9270","155449676","E"
"ELLIOTT METZGER","408 W SAINT CLAIR AVE","APT 505","CLEVELAND","OH","44113-1519","155701467","N"
"CHRISTOPHER NOVAK","6949 RIVER CORNERS RD","","SPENCER","OH","44275-9522","159857789","E"
"MICHAEL COZART","998 E 178TH ST","","CLEVELAND","OH","44119-2966","157522012","E"
"THAMARRE DAMIS","614 S WARREN AVE","","COLUMBUS","OH","43204-2955","156440241","N"
"NICOLA PIETOSO","1430 RIVERSIDE DR","","CINCINNATI","OH","45202-1754","154749680","N"
"GLENN MITCHELL","373 LOMBARD RD","","COLUMBUS","OH","43228-1931","157768812","E"
"CHARLES JONES","309 N F ST","","HAMILTON","OH","45013-2935","156991596","N"
"MICHAEL WALLACE","6587 HENDRICKSON RD","","MIDDLETOWN","OH","45044-8843","157729236","E"
"MICHAEL MICHALAK","5321 GROSBEAK GLN","","ORIENT","OH","43146-9233","157816826","E"
"AMANDA CLARK","12049 LEGACY CT","","CINCINNATI","OH","45241-6062","159662833","N"
"ANTOINETTE MATHIS","4383 BROOKS RD","","CLEVELAND","OH","44105-6009","157277321","E"
"INAS ABDULKADHIM","18305 ROCKLAND AVE","","CLEVELAND","OH","44135-3951","155892535","N"
"SUZETTE KIES","7142 MERLIN WAY","","FAIRFIELD TOWNSHIP","OH","45011-8010","159011575","E"
"MARY NEWBY","207 SHELBOURNE FOREST WAY","","DELAWARE","OH","43015-7088","156156975","E"
"CHRISTOPHER WITSIL","3003 PORTMAN AVE","","CLEVELAND","OH","44109-4950","155963354","N"
"DAVID GUMP","5554 FAWN WOOD LN","","CINCINNATI","OH","45247-4508","154620619","E"
"MORGAN ZEE","6902 ADDENBROOK BLVD","","NEW ALBANY","OH","43054-9358","156600585","E"
"CRAIG LANGWORTHY","728 TROTTER LN","","BEREA","OH","44017-2648","159521647","E"
"GITA MOTHEY","7258 APLIN DR","","REYNOLDSBURG","OH","43068-8201","156613229","N"
"ROBERT OTTE","6610 DALEVIEW RD","","CINCINNATI","OH","45247-5759","156794703","E"
"ERIC KRETLER","8000 PORTER CENTRAL RD","","SUNBURY","OH","43074-8025","158590679","N"
"ERIKA GONZALEZ","3519 HAYWOOD CT","","PICKERINGTON","OH","43147-8674","157800692","E"
"BRANDON GARRETT","2609 S 7TH ST","","COSHOCTON","OH","43812-9772","155443749","N"
"JUSTIN PARTLO","126 E COMO AVE","","COLUMBUS","OH","43202-1211","153792711","N"
"TERRY DONAIGH","4064 LYONS RD","","CALEDONIA","OH","43314-9729","157800777","E"
"RYAN GANTZER","7641 DRIFTWIND CT","","MONTGOMERY","OH","45242-5909","155011020","N"
"ANDY TROYER","8801 STONEY POINT RD","","HILLSBORO","OH","45133-8054","156512976","E"
"MATTHEW FREEMAN","7022 CAMBRIDGE AVE","","CINCINNATI","OH","45227-3301","154851514","E"
"PATRICIA DAVIDSON","933 SETON AVE","","CINCINNATI","OH","45205-1753","157521530","E"
"BRIAN MEISENBACH","9870 TAMARACK TRL","","BRECKSVILLE","OH","44141-4110","159789060","E"
"SARA HAUGAARD","1343 BRUCK ST","","COLUMBUS","OH","43206-3652","154323674","N"
"CECILLIA FLOWERS","3713 GREENVIEW DR","","MIDDLETOWN","OH","45044-6507","157150147","E"
"ELISE BROWN","12824 FRUITSIDE RD","","GARFIELD HEIGHTS","OH","44125-4916","157463779","E"
"SCOTT GREEN","5414 HAGERMAN RD","","BUTLER","OH","44822-9628","156461657","E"
"HADIA ABDUSSATAR","13130 BERRY BLVD","","WARRENSVILLE HEIGHTS","OH","44128-6301","156498996","E"
"CHARISSA NEWKIRK","6842 LOSINO LN","","HILLIARD","OH","43026-9874","158256285","E"
"JOHN WEY","27349 COOK RD","","OLMSTED TWP","OH","44138-1038","154758114","E"
"ALEXIS BROWN","540 CLARK AVE","","COLUMBUS","OH","43223-1602","153868180","E"
"HEATHER DEBAISE","1995 PICKERINGTON RD","","CARROLL","OH","43112-3701","158470696","N"
"CATHERINE BOUCH","1483 COUNTY ROAD 1575","","ASHLAND","OH","44805-9397","158560403","E"
"STEPHEN CASTLE","320 N MARION ST","","CARDINGTON","OH","43315-1019","154205375","E"
"ANTHONY ADKINS","4513 W 157TH ST","","CLEVELAND","OH","44135-2733","159941038","E"
"JULIE FLOWER","2814 BODLEY AVE","","CINCINNATI","OH","45205-2310","158103091","N"
"NANCY BERTGES","6580 SCIOTO BLUFF CT","","POWELL","OH","43065-3713","154846242","E"
"SONDRA NIGH","1465 OAKRIDGE DR","","BUCYRUS","OH","44820-3530","155090433","N"
"JOHN FISHER","10160 LITHOPOLIS RD NW","","CANAL WINCHESTER","OH","43110-8800","154666363","N"
"ARNOLD REED","1911 GOODMAN AVE","","CINCINNATI","OH","45239-4737","158124745","E"
"TRAVIS SENSABAUGH","6935 GASPAR TRL","","LIBERTY TOWNSHIP","OH","45044-3503","156699712","N"
"KATRINA JORDAN","9419 STONEYBROOKE","UNIT 11 F","CINCINNATI","OH","45231-3880","156446079","E"
"ELIZABETH DYER","4870 ALLWOOD CT","","COLUMBUS","OH","43231-8843","156728179","E"
"DEBORAH DAVIS","249 N LYMAN ST","","WADSWORTH","OH","44281-1817","156269242","E"
"NICHOLAS ROARK","6019 STATE ROUTE 4","","RICHWOOD","OH","43344-8810","155106881","E"
"SCOTT GARRISON","1118 SAINT CLAIR AVE","","HAMILTON","OH","45015-2052","155331525","E"
"BREYANT KOSEK","4512 ALPHA AVE","","NEWBURGH HEIGHTS","OH","44105-3144","158049500","N"
"LOUISE NELSON","350 VILLA OAKS LN","","COLUMBUS","OH","43230-6773","154801013","E"
"RICHARD LUTZ","641 N ROOSEVELT AVE","","LANCASTER","OH","43130-2418","154159096","E"
"MICHAEL HALLMAN","1422 GRAYLOCK ST","","LANCASTER","OH","43130-2122","155397962","N"
"TARA NEAL-VONDERHAAR","7099 OAKSTREAM CT","","COLUMBUS","OH","43235-2199","156324275","E"
"KEVIN WHITE","2144 RANSOM OAKS DR","","COLUMBUS","OH","43228-9439","158007169","E"
"LORETTA DOLECEK","320 E PLEASANT VALLEY RD","","SEVEN HILLS","OH","44131-5606","157576329","E"
"ANDY MCGRAW","5077 CLOUDBERRY PASS","","NEW ALBANY","OH","43054-8317","158618221","E"
"ELISSA SCHNEIDER","24 W RUSSELL ST","","COLUMBUS","OH","43215-1684","157768791","E"
"ELLEN BORNHORST","3191 WARRINGTON RD","","SHAKER HEIGHTS","OH","44120-2428","158851106","E"
"JACOB HOCKETT","9395 LARK CT","","BLUE ASH","OH","45242-6711","154259996","N"
"BEREKET KINDE","675 PRESTON TRAILS DR","","PICKERINGTON","OH","43147-2060","155914951","N"
"DONALD TATE","935 WILTSHIRE RD","","COLUMBUS","OH","43204-2340","157711707","N"
"ABIGAIL TYSON","2116 HAMPSTEAD RD","","CLEVELAND HEIGHTS","OH","44118-2509","156166380","E"
"JESSICA MARSHALL","235 SUNSTONE LN","","DELAWARE","OH","43015-4394","156051737","N"
"BREUNNA GIBBS","1544 EDGEFIELD RD","","LYNDHURST","OH","44124-2847","157266098","N"
"JEREMY ROLF","3544 JERROLD BLVD","","BRUNSWICK","OH","44212-2228","156225430","E"
"RODNEY FRASER","2759 STOCKDALE FARMS DR","","DELAWARE","OH","43015-4719","154882900","E"
"DAVID HOCHWALT","7452 OVERGLEN DR","","WEST CHESTER","OH","45069-8200","158198463","N"
"AMR MATOQ","8149 WINDSOR TRL","","LIBERTY TOWNSHIP","OH","45044-8813","156233394","E"
"LARS WAGNER","2896 E GALBRAITH RD","","CINCINNATI","OH","45237-1601","154882071","E"
"SUIREN HUANG","194 COUNTRY VIEW DR","","HARRISON","OH","45030-1856","156474737","E"
"GLENN HALMBACHER","207 S GROVE ST","","ASHLEY","OH","43003-9791","159522788","E"
"JACOB COURTNEY","1309 THURNRIDGE DR","","CINCINNATI","OH","45215-3961","155813948","E"
"ANDREW DWYER","2746 CASTLEWOOD RD","","COLUMBUS","OH","43209-3139","159304343","E"
"KERMIT DAVIS","6214 COACHLITE WAY","","CINCINNATI","OH","45243-2920","157320876","E"
"SADIA FARAH","4400 GRAYS MARKET DR","","COLUMBUS","OH","43230-5424","157870113","N"
"VEERA PUNYAMURTULA","9809 TIMBERS DR","","BLUE ASH","OH","45242-5533","154851524","E"
"KATY MORRIS","6363 DEESIDE DR","","DUBLIN","OH","43017-9456","154253890","N"
"ADRIANA REYES","616 LUDLOW ST","","HAMILTON","OH","45011-3648","159738535","E"
"EDWARD KOHARIK","5244 CHAPS CT","","COLUMBUS","OH","43221-5706","157975796","N"
"NICHOLAS SMALLWOOD","251 MERCHANT ST","","NEWARK","OH","43055-4407","153840344","N"
"RONALD ELLIOTT","731 NORTHFIELD RD","","BEDFORD","OH","44146-3861","155004361","E"
"LUIS AMUNATEGUI","3122 HUNTINGTON RD","","SHAKER HEIGHTS","OH","44120-2410","158777936","E"
"MARGARET OTTEN","827 NEEB RD","APT 1","CINCINNATI","OH","45233-4671","156570069","E"
"LEO THOMAS","3763 STIRRUP CT","","COLUMBUS","OH","43221-5928","158620674","E"
"NADA SRTIAL","6304 CHERYLBROOK LN","","DUBLIN","OH","43017-1777","157480162","N"
"FREDERIC SANCHEZ","5769 OLD FOREST LN","","WEST CHESTER","OH","45069-5910","154930226","E"
"EMMA GALLAGHER","392 CORNWALL RD","","ROCKY RIVER","OH","44116-1629","157220259","E"
"CHARLES HENRY","2574 RENWOOD PL","","COLUMBUS","OH","43211-1335","159316917","E"
"JUSTIN WINDLE","5867 DUNHEATH LOOP","","DUBLIN","OH","43016-7198","154692489","E"
"RHONDA SKAGGS","220 WARBLER CIR","","GALENA","OH","43021-3412","158488625","N"
"VICTORIA DEVINE","4161 PAXTON WOODS LN","","CINCINNATI","OH","45209-1418","156378812","E"
"KRISTA DOERFLEIN","5901 ANMER CT","","LIBERTY TOWNSHIP","OH","45044-2527","157787907","E"
"MICHAEL ISAACSON","25440 BRYDEN RD","","BEACHWOOD","OH","44122-8601","154231011","E"
"NIKKI PIAZZA","4429 HAYDEN FALLS DR","","COLUMBUS","OH","43221-5528","158534524","E"
"NETTIE FERGUSON","1272 KENWICK RD","","COLUMBUS","OH","43209-2935","154189559","E"
"PHILLIP CAREY","1555 BILTMORE RD","","CLEVELAND","OH","44124-2830","155233376","E"
"MARK HORN","2279 MANSFIELD LUCAS RD","","MANSFIELD","OH","44903-8694","156303113","E"
"SOPHIA KUHAR","17802 NAOMI AVE","","CLEVELAND","OH","44111-4105","156342585","N"
"BRYAN ROTHENBERG","31370 HIRAM TRL","","CHAGRIN FALLS","OH","44022-1319","156469778","E"
"AMANDA LINEBARGER","5667 MARSHFIELD DR","","WESTERVILLE","OH","43081-7037","156382550","E"
"JOSEPH GENSIC","723 WELLS ST","","CINCINNATI","OH","45205-2190","155953788","E"
"CARLY FISHER","3427 LEIGHTON RD","","COLUMBUS","OH","43221-1300","154503959","E"
"ALEX LEFELD","5262 TARLMEADOWS LN","","HILLIARD","OH","43026-2649","156860238","E"
"TRACY CARSON","4133 E 113TH ST","","CLEVELAND","OH","44105-5338","159789089","E"
"FRANCHESCA NESTOR","319 REED AVE","","MARION","OH","43302-5404","158542587","E"
"CIERRA JOHNSON","667 S OAKLEY AVE","","COLUMBUS","OH","43204-2913","156439799","N"
"JEFFREY EDWARDS","2790 STATE ROUTE 39","","SHELBY","OH","44875-9477","159014946","N"
"JUSTIN GRACI","24405 SMITH AVE","","WESTLAKE","OH","44145-4820","159478480","E"
"WILLIAM STEVIE","1120 PAXTON AVE","","CINCINNATI","OH","45208-2831","155100019","N"
"BRANDY SPOON","1259 STATE ROUTE 97 E","","BELLVILLE","OH","44813-1227","154374901","N"
"JANET LOY","2070 DARTMOUTH AVE","","COLUMBUS","OH","43219-2625","158038631","N"
"ANTHONY MCCAMPBELL","858 LOOKOUT POINT DR","","COLUMBUS","OH","43235-1244","156630154","E"
"DOMINIC SHAMBIN","587 WILTSHIRE RD","","COLUMBUS","OH","43204-2430","158528776","N"
"BRETT BOYCE","105 GRAND POINTE DR","","HEBRON","OH","43025-9483","159766265","E"
"GABRIEL HOWARD","4330 SHIRE LANDING RD","","HILLIARD","OH","43026-2482","159058608","N"
"YVONNE AVILA","130 WELSHMORE DR","","GALLOWAY","OH","43119-8406","157478844","N"
"AMANDA SMITH","142 BLAKEMORE DR","","DELAWARE","OH","43015-5041","154251465","N"
"DAVID WILLIS","3713 WINCHELL RD","","SHAKER HEIGHTS","OH","44122-5125","158253200","N"
"BRENNAN DODDS","7949 VALLEY CROSSING DR","","CINCINNATI","OH","45247-1103","154159159","E"
"JANICE DINARDO","2325 OAKLAWN DR","","PARMA","OH","44134-3040","159765028","E"
"BLAKE JAMISON","515 STANLEY ST","","MIDDLETOWN","OH","45044-4714","156001941","N"
"TRISTAN ROBINSON","2872 ROSEANN LN","","CINCINNATI","OH","45239-7252","157373794","N"
"CHRISTINA NORMAN","362 HEARTHSTONE DR","","DELAWARE","OH","43015-2295","155081732","N"
"ANNELIES CONDON","3404 MCCAMMON ESTATES DR","","LEWIS CENTER","OH","43035-7299","155289102","E"
"BENJAMIN ASH","306 S MARKET ST","","WAVERLY","OH","45690-1451","157283792","N"
"ANGELA SWACKHAMMER","2026 STATE ROUTE 96 E","","SHELBY","OH","44875-9310","158319547","E"
"ADAM GLOEGE","394 BANKSIDE DR","","BRUNSWICK","OH","44212-7010","155064989","E"
"JENNIFER HOLLAND","2016 CORIANDER DR","","WEST SALEM","OH","44287-9137","158275331","E"
"CHERYL MURRAY","4295 W 30TH ST","","CLEVELAND","OH","44109-4029","154610589","N"
"ALLISON FLORES","5332 WADLEY CT","","CANAL WNCHSTR","OH","43110-9063","154665994","N"
"MAHMOUD ALILI","6140 WINDING CREEK BLVD","","LIBERTY TWP","OH","45011-2685","155174886","N"
"JON LORENZ","6176 KARRER PL","","DUBLIN","OH","43017-1408","155260804","E"
"DALE BROWN","4392 CORNER RD","","ALEXANDRIA","OH","43001-8709","158978419","E"
"JACQUELINE BEALE","1036 BRICE RD","","REYNOLDSBURG","OH","43068-1930","155866032","E"
"ASHLEY BOBINGER","9198 MONTORO DR","","CINCINNATI","OH","45231-3016","157618121","E"
"ANGEL MALDONADO","4026 E 123RD ST","","CLEVELAND","OH","44105-4504","158950825","N"
"MELISSA MERKEL","328 E WALNUT ST","","ASHLAND","OH","44805-3258","159014206","E"
"CYNTHIA PORTER","1796 OBETZ AVE","","OBETZ","OH","43207-4476","159550196","E"
"JAMES BALLENGER","5778 CRESCENT CT","","WORTHINGTON","OH","43085-3805","154620858","N"
"JOHN STERTZER","846 ORWELL ST","","LITHOPOLIS","OH","43136-9729","159261583","E"
"BONNIE ELLIS","5609 EVENTING WAY","","HILLIARD","OH","43026-2605","158542542","E"
"HUNTER MORGAN","131 W SOUTH ST","","HILLSBORO","OH","45133-1440","157467325","N"
"SANDRA GELLER","2761 SEMINARY RD","","HEATH","OH","43056-9643","159645264","E"
"ANSON PARK","4312 N SHORE DR","","WEST CHESTER","OH","45069-9420","156798263","E"
"CHRISTOPHER SCHAEFER","290 WARBLER CIR","","GALENA","OH","43021-3412","158033341","N"
"MAE SANDS","1939 PARKWAY DR","","CLEVELAND HEIGHTS","OH","44118-2081","153833547","E"
"CHRISTOPHER SMITH","850 ARLINGTON AVE","","MANSFIELD","OH","44903-7020","158242739","N"
"MAUREEN SWIFT","204 ALBRIGHT DR","","LOVELAND","OH","45140-2601","156047152","E"
"GOPI VADLAMUDI","189 BALDERSON DR","","PICKERINGTON","OH","43147-3502","157285300","E"
"JEFFREY HENSAL","3711 LIFFORD CT","","COLUMBUS","OH","43221-5229","159367339","N"
"STEPHANIE VEGUILLA","12400 SAINT JOHN AVE","","CLEVELAND","OH","44111-5142","154984718","E"
"MICHAEL WASHLOCK","6107 LAVERNE AVE","","CLEVELAND","OH","44129-1915","159644918","E"
"CHRISTINA NORMAN","349 S 5TH ST","","COSHOCTON","OH","43812-2026","156931488","E"
"TAYLOR HARRIS","149 GOETHE ST","APT 1","CINCINNATI","OH","45202-8940","159161472","N"
"MELANIE STRAH","1343 W 103RD ST","","CLEVELAND","OH","44102-1622","155558627","E"
"JOSEPH SOCHA","728 MAPLEWOOD AVE","","BRUNSWICK","OH","44212-1314","155139731","E"
"MARIA ROLON","7349 MIAMI AVE","","CINCINNATI","OH","45243-2134","155068232","N"
"DONNIE TYSON","5067 TEDDY DR","","COLUMBUS","OH","43227-1462","155840746","E"
"JOHN MACOSKIE","3270 ECKERT RD SE","","LANCASTER","OH","43130-9027","155526567","E"
"DENNIS JONES","23639 TOWNSHIP ROAD 301","","COSHOCTON","OH","43812-9537","156174944","E"
"NANCY VINCENT","6615 BURBANK PL","","WESTERVILLE","OH","43082-9563","159089410","E"
"MARCELLA BUTTS","409 REDWOOD DR","","TRENTON","OH","45067-9712","155515086","N"
"BHARGAV SANAPALA","2947 SADDLEBACK DR","","CINCINNATI","OH","45244-3830","154784215","E"
"MIGUEL RAMOS","1506 MAYVIEW AVE","","CLEVELAND","OH","44109-3616","156378527","E"
"ERYKZA GONZALEZ","6024 WINTERBERRY DR","","GALLOWAY","OH","43119-9298","154878672","E"
"JOHN MARSHALL","3203 HEATHERSIDE DR","","DUBLIN","OH","43017-1821","154206532","E"
"TYLER DISBENNETT","4400 TWP RD 232","","MARENGO","OH","43334-9773","157362629","E"
"MATTHEW HURTUBISE","1332 CRYER AVE","","CINCINNATI","OH","45208-2807","158467180","E"
"ANTHONY QUINTERO","3714 CHURCH ST","","CINCINNATI","OH","45244-3005","159908507","E"
"BRANDON BULLOCK","4536 MERRYGOLD BLVD","","WARRENSVILLE HEIGHTS","OH","44128-5037","155331694","E"
"FRANCINE GOLDBERG","4325 CHURCHILL BLVD","","UNIVERSITY HEIGHTS","OH","44118-3911","153856672","E"
"WILLIAM ROBBINS","6349 WELCOME RD","","HILLSBORO","OH","45133-7926","156610653","E"
"LORI BOUDINOT","237 MILLPOND RD","","SUNBURY","OH","43074-8469","154914063","E"
"ANNA MORRIS","2600 EDGEHILL DR","","POWELL","OH","43065-1001","159644948","E"
"HAILEY MOUSER","1216 TROY RD","","ASHLAND","OH","44805-1735","158608926","N"
"ALEX FRENCH","6574 BURTON DR","","BROOK PARK","OH","44142-1204","158384807","E"
"ROBERT KUHL","21 LAKE CUMBERLAND DR","","FAIRFIELD","OH","45014-4478","154119930","E"
"BARRY POLLOCK","115 E COUNTY ROAD 73","","FREMONT","OH","43420-8914","157974932","N"
"JUDITH LONG","9308 JERICHO DR","","CINCINNATI","OH","45231-2817","159422983","E"
"JASON PETCHAL","7979 STORROW DR","","WESTERVILLE","OH","43081-5009","156596608","E"
"CHRISTOPHER MAHAR","1697 W 69TH ST","","CLEVELAND","OH","44102-2930","158252815","N"
"HARSHIL PATEL","6345 ANGELES DR","","DUBLIN","OH","43016-7400","154367083","N"
"MARK ANDERS","5700 DONJOY DR","","BLUE ASH","OH","45242-7504","157665695","E"
"BRIDGID DAVIS-RAY","253 CROSWELL RD","","COLUMBUS","OH","43214-3009","156299939","E"
"NIKKI SEIBERT","126 S MIDDLE ST","","LEESBURG","OH","45135-9635","154081535","N"
"RODNEY HESSINGER","2197 BRIARWOOD RD","","CLEVELAND HEIGHTS","OH","44118-2833","154833512","E"
"DAVID MARTIN","18490 TWP RD 428","","DRESDEN","OH","43821-9616","155081373","N"
"STACI PERKINS","1369 ELMWOOD AVE","","COLUMBUS","OH","43212-3214","159120015","N"
"JACQUELINE NAVARRO","493 MEADOWS BLVD","","PICKERINGTON","OH","43147-1181","159169439","N"
"CRAIG ALLENBAUGH","8447 COLUMBIA RD","","OLMSTED FALLS","OH","44138-2244","155484382","E"
"JEFFREY TOWNSEND","7929 MARTINSBURG RD","","MOUNT VERNON","OH","43050-9074","158467647","E"
"SHEREE ARMSTRONG","100 E KANAWHA AVE","","COLUMBUS","OH","43214-1259","159014106","N"
"RAYMOND WORTMAN","1841 WANDLE DR","","COSHOCTON","OH","43812-2944","154036277","E"
"JULIA ROBERTS","5102 FAIRFIELD BEACH RD NE","","THORNVILLE","OH","43076-9197","153942421","E"
"CAMMI KERR","5300 ESTUARY LN","UNIT 4 B","DUBLIN","OH","43016-5800","157069303","N"
"BETH WOOD","709 W MAIN ST","","ASHLAND","OH","44805-2063","159809911","E"
"FREDERICK ACHEAMPONG","103 DAY PL","","TRENTON","OH","45067-9117","158489586","N"
"REBECCA SLATTERY","7330 DRAKE RD","","CINCINNATI","OH","45243-1420","156542356","E"
"CHRISTOPHER MIRABITO","225 CARRYBACK DR SW","","PATASKALA","OH","43062-8406","156630427","N"
"ELAINE PAGAN","13381 WOLF DR","","STRONGSVILLE","OH","44136-1933","155207479","E"
"PHILLIP MARTIN","1426 CARYLAKE CIR","","COLUMBUS","OH","43240-4074","158099558","E"
"MICHAEL THOMPSON","425 S G ST","","HAMILTON","OH","45013-3219","159760988","E"
"DOUGLAS DIETZ","154 DALEVIEW DR","","WESTERVILLE","OH","43081-3409","155349424","E"
"BRIAN NOVITSKY","4899 WHISPER COVE CT","","COLUMBUS","OH","43230-5133","158956300","N"
"ANDREW TYAHUR","5807 RODEN PARK DR","","LIBERTY TOWNSHIP","OH","45044-3321","156663048","E"
"ABIGAIL HOLBROOK","1417 GRAND OAKS DR","","CINCINNATI","OH","45255-7011","159053216","N"
"ELAINE CAMERON","3770 DONEGAL DR","","CINCINNATI","OH","45236-1581","153912838","N"
"PETER UNKOVIC","2172 FAIRFAX RD","","COLUMBUS","OH","43221-4231","158435338","E"
"HARRY GRAY","167 LANSDOWNE AVE","","GAHANNA","OH","43230-2830","156861769","N"
"ROBERT BROWN","8980 TRIPOLI DR","","CINCINNATI","OH","45251-3063","155398116","N"
"KEVIN MCCLOUD","3172 WEIRTON DR","","COLUMBUS","OH","43207-3365","156378636","N"
"MICHAEL GINLEY","3687 MELBOURNE AVE","","CLEVELAND","OH","44111-5769","157788069","E"
"DOMINIC CAMPANALIE","56 BANYAN DR","","LEWIS CENTER","OH","43035-3204","154916358","N"
"JOSHUA DARLING","7787 BONETA RD","","WADSWORTH","OH","44281-8405","159985082","N"
"MAURO JIMENEZ","6227 LE ROY PL","","CINCINNATI","OH","45230-2732","159006167","N"
"MIRANDA RUIZ","507 GIDEON RD","","MIDDLETOWN","OH","45044-5145","154038222","N"
"JEFFREY WINDER","8563 RATHMAN PL","","CINCINNATI","OH","45255-3220","158190336","E"
"JASON SCOTT","361 HONEY CREEK RD E","","BELLVILLE","OH","44813-8927","155006360","N"
"GREG PISCURA","6997 LONGVIEW DR","","SOLON","OH","44139-4536","156765596","E"
"CHRIS LIKES","5736 COVINGTON MEADOWS DR","","WESTERVILLE","OH","43082-8976","159083375","E"
"MARK GARLAND","5650 TWP RD 21","","MARENGO","OH","43334-9710","156467123","E"
"VERNON BAILEY","8919 EAGLEVIEW DR","APT 3","WEST CHESTER","OH","45069-6710","159234201","N"
"MORGAN GROOMS","6528 GEORGE AVE","","HILLSBORO","OH","45133-9305","156512962","N"
"PAUL ELLIS","522 BEAVERBROOK DR","","COLUMBUS","OH","43230-3305","154881468","E"
"JAMES TARANTINE","334 RICHARDS RD","","COLUMBUS","OH","43214-3740","155911481","E"
"JOYCE MCARDLE","883 TOWNSHIP ROAD 251","","POLK","OH","44866-9704","158030951","E"
"CONNOR GESSNER","33 FIELDCREST DR","","CENTERBURG","OH","43011-9028","154975882","E"
"JOSEPH BIGGS","3391 DIEHL RD","APT 14","CINCINNATI","OH","45211-1977","159445425","E"
"KAREN NORTH","1676 VALLEY FORGE DR","","LANCASTER","OH","43130-1238","154130178","E"
"STEVEN DUPONT","5211 WEDGEWOOD RD","","MEDINA","OH","44256-8871","156545534","E"
"ARJUN SRIDHAR","7587 CORDOBA DR","","LIBERTY TOWNSHIP","OH","45044-0017","155897005","E"
"ALEXANDER PANKIW","1147 ALEXANDRIA LN","","MEDINA","OH","44256-3262","155690888","E"
"EVANGELOS TASSOS","461 STONE MILL RD","","PICKERINGTON","OH","43147-2212","158230573","E"
"HALLE BROWN","111 SHAY ST","","DELAWARE","OH","43015-5026","155166770","N"
"DIANA DUNBAR","6888 REID DR","","PARMA HEIGHTS","OH","44130-4505","157087792","N"
"BRIDGETTE CULP","4918 CLEARFORK LN","","WESTERVILLE","OH","43081-4413","159316924","E"
"THOMAS THATCHER","8365 CELIANNA DR","","STRONGSVILLE","OH","44149-1025","154104894","E"
"MICHAEL GABEL","162 TREASE RD","","WADSWORTH","OH","44281-1170","159444986","E"
"CARL HORNSBY","1575 HOGUE RD","","HAMILTON","OH","45013-9388","153785299","E"
"MAUREEN OSKOWSKI","15116 MONTVALE DR","","BROOK PARK","OH","44142-3821","158167920","E"
"BRENT ALTENBURGER","187 COUNTY ROAD 2000","","JEROMESVILLE","OH","44840-9759","159032321","E"
"JOHN BOUHALL","1741 UPPER CHELSEA RD","","COLUMBUS","OH","43212-1937","153998747","N"
"DENNIS STEWART","3427 CROSSING HILL WAY","","COLUMBUS","OH","43219-7359","155258862","N"
"JOSHUA OWENS","2643 AGAWAM CIR","","COLUMBUS","OH","43224-3701","156747934","E"
"KATHY HENSEL","7085 MIDDLETOWN RD","","GALION","OH","44833-8915","156796746","N"
"SHANE DAVIS","2215 FRANK RD","","COLUMBUS","OH","43223-3732","159836874","N"
"KYLE MARTIN","434 ORCHID CT","","HOWARD","OH","43028-9397","154758420","N"
"AMY COX","5021 WINTER CREEK DR","","GROVE CITY","OH","43123-8329","159367392","E"
"ROBERT KOCH","827 ALPINE DR","","HAMILTON","OH","45013-2080","157337712","E"
"RICHARD ANDERSON","6102 SWEET BASIL LN","","GROVE CITY","OH","43123-4079","156355805","N"
"ALEX JOHNSON","2151 FIRESTONE ST","","COLUMBUS","OH","43228-9508","159814940","N"
"JOHN HINES","3512 KIRKWOOD RD","","COLUMBUS","OH","43227-3211","159256983","E"
"KELLY WALLACE","4320 BROOKLYN AVE","","CLEVELAND","OH","44109-3818","155653815","E"
"ANDREW BENADUM","627 BARR DR SW","","LANCASTER","OH","43130-8987","158357900","N"
"JACOB REHL","558 COLLINGWOOD AVE","","COLUMBUS","OH","43213-1742","157816829","E"
"EDWARD STEVENS","2699 LEXINGTON STEAM CORNERS RD","","LEXINGTON","OH","44904-8610","155222424","E"
"MARITZA ACQUAVIVA","7459 GLENOVER DR","","CINCINNATI","OH","45236-2113","157141996","E"
"ELIZABETH NERONI","303 S MAIN ST","","PROSPECT","OH","43342-9304","159918996","N"
"STEPHEN CLAY","705 W LONGVIEW AVE","","MANSFIELD","OH","44906-2185","153870893","E"
"SAMUEL HENNING","3787 FERDINAND PL","","CINCINNATI","OH","45209-2105","154004577","N"
"JOSEPH COOKE","14102 CHRISTINE AVE","","CLEVELAND","OH","44105-6452","155871062","N"
"CRAIG WOFFORD","3920 TWEEDSMUIR DR","","COLUMBUS","OH","43221-5828","154455477","E"
"MONTGOMERY KNOBLAUCH","81 W FIELDSTONE","","ETNA","OH","43062-9486","156751508","N"
"BAYLEE MUSSER","232 NORTHERN SPY DR","","HOWARD","OH","43028-8002","154665397","N"
"LINDA EARLE","1950 RAINBOW DR NE","","LANCASTER","OH","43130-8726","156660620","E"
"CHRISTOPHER SPANN","222 SPINOSA ST","","REYNOLDSBURG","OH","43068-7803","159798940","E"
"MOLLIE ROJAS","37 N EDGEHILL DR","","FREDERICKTOWN","OH","43019-1160","156892588","E"
"TAYLOR HAMILTON","10491 PAUSCH RD","","LEESBURG","OH","45135-9213","155605743","N"
"BRANDON LACY","5410 DESERTGOLD DR","","CINCINNATI","OH","45247-3562","155926958","N"
"CRYSTAL CHRISTOPHEL","6170 RICKY DR","","FAIRFIELD","OH","45014-4756","155164174","E"
"OMAYMAH ALOTOOM","3349 E MONMOUTH RD","","CLEVELAND HEIGHTS","OH","44118-4239","158619915","E"
"JUSTINE LUDWIG","19416 NYACK CT","","CLEVELAND","OH","44110-2734","154296026","N"
"KENNETH COUCH","904 BEECHMEADOW LN","","CINCINNATI","OH","45238-4350","159719353","N"
"RYAN CLAY","1450 TONOPAH DR","","CINCINNATI","OH","45255-2516","154141103","N"
"KEVIN FIAMINGO","1161 S WASHINGTON AVE","","COLUMBUS","OH","43206-3591","158335353","N"
"RYAN ONEAL","3645 RUSSELL AVE","","CINCINNATI","OH","45208-4461","159113045","N"
"KATHERYN MONESMITH","10129 HOWARD RD","","HARRISON","OH","45030-8401","157569003","N"
"ANDREA TITUS","4020 CREEKWOOD DR","","LEWIS CENTER","OH","43035-7266","157996933","E"
"JORDAN MARKWARD","400 BENJAMIN ST","","DELAWARE","OH","43015-7522","158556866","E"
"ENRIQUE SICAIROS","1314 POND HOLLOW LN","","NEW ALBANY","OH","43054-8568","157298388","E"
"TRENTON FORD","1765 HUY RD","","COLUMBUS","OH","43224-3551","159621894","N"
"ZOE BARNHART","3308 MORRISON AVE","","CINCINNATI","OH","45220-1425","154841613","N"
"BILLY RICHARDS","185 N OGDEN AVE","","COLUMBUS","OH","43204-3314","159058686","E"
"CORY STRICKLER","3946 TWP RD 61","","MOUNT GILEAD","OH","43338-9609","154462215","E"
"DAVID GELMAN","24565 SITTINGBOURNE LN","","BEACHWOOD","OH","44122-1623","155207486","E"
"CHRISTOPHER LEAHY","1253 N SKYLINE DR","","SEVEN HILLS","OH","44131-1647","157826022","E"
"GARY SNYDER","20870 STANFORD AVE","","FAIRVIEW PARK","OH","44126-1435","158443971","E"
"BARBARA CLARK","100 CURLY SMART CIR","","DELAWARE","OH","43015-3378","159130182","E"
"PUSPANJALI RANJITKAR","5266 CARBONDALE DR","","COLUMBUS","OH","43232-4621","159717532","N"
"CAMILLE PETRUCCIO","941 HAMILTON DR","","BROADVIEW HEIGHTS","OH","44147-4225","156070583","E"
"LISA GACKOWSKI","6355 S PARK BLVD","","CLEVELAND","OH","44134-4242","159498994","E"
"WILLIAM TAYLOR","1959 MARGARET AVE","","COLUMBUS","OH","43219-2539","159142268","N"
"JAMES BIRCH","3319 ORION AVE","","CINCINNATI","OH","45213-1707","157910636","E"
"DAVID PESSAR","24812 ALBERT LN","","BEACHWOOD","OH","44122-2305","158546076","E"
"DECONTEES DWEH","6601 BROOKSIDE DR","","CLEVELAND","OH","44144-1642","159536395","E"
"DANIELLE GODES","1358 HAVERSTON RD","","LYNDHURST","OH","44124-1450","155654673","N"
"EVAN WILLIAMS","155 CHATHAM RD","","COLUMBUS","OH","43214-3345","159247617","N"
"JULIE BINION","9295 BLUE JAY RD","","HEATH","OH","43056-1718","158738799","E"
"AUSTIN TOURVILLE","13440 HEIMBERGER RD NW","","BALTIMORE","OH","43105-9665","153998712","N"
"ANTHONY FORTUNATO","2418 CRANFORD RD","","COLUMBUS","OH","43221-1210","158647532","N"
"AUSTIN COMBS","7131 ELK CREEK RD","","MIDDLETOWN","OH","45042-9263","157778629","N"
"JOHN ADAMS","3326 TIMBERSIDE DR","","POWELL","OH","43065-7152","159110089","N"
"SONJI BENEFIELD","1031 GOLFVIEW RD","","MIDDLETOWN","OH","45042-3461","155674928","N"
"PAUL STAWICKI","8101 FENWAY DR","","PARMA","OH","44129-6243","159406200","E"
"SHARON BROWN","4779 GERALDINE RD","","RICHMOND HEIGHTS","OH","44143-2831","157606704","E"
"CHARLES STARNES","6794 WALTER WAITE CT S","","BRECKSVILLE","OH","44141-2479","155037187","E"
"CHRISTOPHER CADAG","8800 PINEHURST DR","","CLEVELAND","OH","44129-6431","155893587","E"
"STEPHANIE COSTA","14921 LANNING AVE","","LAKEWOOD","OH","44107-5824","155005837","N"
"FRANK HAN","3009 WALLCREST BLVD","","COLUMBUS","OH","43231-4898","153839150","E"
"MICHELLE CHERRY","2939 LEGIONARY ST","","COLUMBUS","OH","43207-6550","156622769","E"
"CHRISTOPHER TANGREEN","1410 CHELMSFORD SQ S","","COLUMBUS","OH","43229-1920","157285468","E"
"ALEXANDRA POWER-HAYS","219 KLOTTER AVE","","CINCINNATI","OH","45219-1422","156995900","E"
"JODI CHRISTOPFEL","6303 ZOELLNERS PL","","FAIRFIELD TOWNSHIP","OH","45011-1006","159254421","E"
"DANIEL CARPENTER","17930 ROSECLIFF RD","","CLEVELAND","OH","44119-1348","156917388","N"
"ELIJAH WALKER","8075 OLMWAY AVE","","OLMSTED FALLS","OH","44138-1959","154031169","N"
"PETER LINKO","9537 DICK RD","","HARRISON","OH","45030-8417","154260075","E"
"JACK HOWARD","2835 SCHWARTZ RD","","COLUMBUS","OH","43232-5538","154663835","N"
"T MULGREW","5703 MEDALLION DR W","","WESTERVILLE","OH","43082-9198","155138260","E"
"SIBLEY NELSON","98 PARKWOOD BLVD","","MANSFIELD","OH","44906-3218","156819558","E"
"MOHAMAD ZAROUR","7523 CEDARCREST DR","","LIBERTY TOWNSHIP","OH","45044-8717","155695740","E"
"KINDRA SHEARER","225 GREENBRIER RD","","SUNBURY","OH","43074-8398","158873207","E"
"DONALD TISDALE","4532 W 148TH ST","","CLEVELAND","OH","44135-3412","155850150","E"
"ALESHA WORTH","7775 LOGAN THORNVILLE RD NE","","RUSHVILLE","OH","43150-9797","158382286","E"
"MICHELLE HAMILTON","130 E MAPLE ST","","CLYDE","OH","43410-1649","157106520","E"
"KYLE HERD","12157 TYBEE CT NW","","PICKERINGTON","OH","43147-1588","156006496","N"
"ANNELISE COBURN","5701 FOREST GROVE AVE","","WESTERVILLE","OH","43081-7842","157234207","N"
"MEGAN ACKLEY","725 MCCLAIN AVE","","GREENFIELD","OH","45123-1122","156341218","N"
"IRYNA YAHLA","6001 WILLISTON DR","","PARMA","OH","44129-5927","154159051","N"
"JEFFREY WASHINGTON","430 E MOLER ST","","COLUMBUS","OH","43207-1241","158095349","E"
"MARY JONES","888 RICHMOND RD","","LYNDHURST","OH","44124-1056","157629855","N"
"ANDREA SANTIS","1035 RIVA RIDGE BLVD","","COLUMBUS","OH","43230-5801","155443866","N"
"JESSICA SIMON","3971 NORTHAMPTON RD","","CLEVELAND HEIGHTS","OH","44121-2070","159013613","E"
"RAYMOND SHILLINGER","269 GRAND BLVD","","BEDFORD","OH","44146-2144","155397882","E"
"LOUIS RESNICK","195 SUNSET DR","","GRANVILLE","OH","43023-1254","156417648","N"
"JOEL BROMLEY","3095 WALWORTH AVE","","CINCINNATI","OH","45226-3501","154480990","N"
"HUNTER VALENTINE","3007 CO RD 125","","CARDINGTON","OH","43315-9518","155056764","N"
"ANTHONY DEBALTZO","2064 LINCOLN AVE","","LAKEWOOD","OH","44107-6032","157853535","E"
"FLAMETTA THOMPSON","6524 DALY RD","","CINCINNATI","OH","45224-1503","155485015","E"
"JONATHAN ASHEY","5327 SUGAR MAPLE RUN","","LIBERTY TWP","OH","45011-1152","157624758","E"
"ZACHARY GUINAN","2217 RADNOR RD","","RADNOR","OH","43066-9738","155677227","N"
"HALEY ROBISON","3436 COUNTY ROAD 13","","BURGOON","OH","43407-9763","154750025","E"
"NORGE BARRIOS","1271 E 24TH AVE","","COLUMBUS","OH","43211-2539","154588586","N"
"RENEE JORIS","1298 BURNEY LN","","CINCINNATI","OH","45230-2900","156638073","E"
"THELMA BRUNKE","3850 GATEWOOD LN","","CINCINNATI","OH","45236-3312","154439288","E"
"SCOTT SCRIBNER","9304 MOUNT GILEAD RD","","FREDERICKTOWN","OH","43019-9594","156103646","N"
"TIMOTHY TAYLOR","5306 REDWOOD RD","","COLUMBUS","OH","43229-4441","158735195","E"
"EDWARD SPYCHOLA","15901 MORNING STAR AVE","","MAPLE HEIGHTS","OH","44137-4525","155199169","E"
"JACKSON WELCH","7931 VICTORY GARDEN LN","","LIBERTY TOWNSHIP","OH","45044-7598","155982600","N"
"JUSTIN LELESCH","296 PARKLAND OVAL","","BRUNSWICK","OH","44212-1850","155619898","E"
"NOAH BARBER","611 COUNTY ROAD 801","","ASHLAND","OH","44805-9571","158196629","N"
"RICHARD MARTIN","10225 PETERS RD SW","","AMANDA","OH","43102-9720","155801064","E"
"JONATHAN PARTEE","3730 E ANTISDALE RD","","SOUTH EUCLID","OH","44118-2328","156795428","E"
"SOPHIE BUISSON","7117 DELAWARE AVE","","CINCINNATI","OH","45236-3430","159662775","N"
"WILL PADILLA","723 N FRED SHUTTLESWORTH CIR","","CINCINNATI","OH","45229-1809","154347949","E"
"MARGARET KENNEDY","125 SHARON SPRINGS DR","","WORTHINGTON","OH","43085-3941","159253341","E"
"BRIAN KEAN","6196 WERK RD","","CINCINNATI","OH","45248-4014","156012879","E"
"JENNA MCLEAN","690 BAY DR","","WESTERVILLE","OH","43082-7491","157897679","E"
"KELSEY MOCKLER","1801 NORTHWEST BLVD","","COLUMBUS","OH","43212-1638","153742636","N"
"JANE GILLIGAN","1278 RAINBOW DR NE","","LANCASTER","OH","43130-1137","159299338","E"
"DEBRA MOTLEY","6250 FENN RD","","MEDINA","OH","44256-9461","155851517","E"
"GABRIEL LOPEZ","462 DOVERWOOD DR","","REYNOLDSBURG","OH","43068-1167","154630354","N"
"KRISTY BASS","3340 MIRIAM DR S","","COLUMBUS","OH","43204-1748","157712804","N"
"RICHARD WEBER","6174 SHEARWATER DR","","FAIRFIELD","OH","45014-4924","157027248","E"
"MARK GREATOREX","12820 FOX RUN CT S","","PICKERINGTON","OH","43147-9169","158710123","E"
"ANGELIQUE MALONE","999 ELBON RD","","CLEVELAND HEIGHTS","OH","44121-1426","154608606","E"
"MARK SHEEHAN","402 THURMAN AVE","","COLUMBUS","OH","43206-3529","154389223","E"
"DWIGHT SHURTLEFF","1274 ALLINGTON LN","","COLUMBUS","OH","43240-6093","159573338","N"
"STEPHANIE COOK","764 S 6TH ST","","COLUMBUS","OH","43206-2129","158643552","E"
"THOMAS HENSLEY","7849 ASHFORD GLEN CT","","WEST CHESTER","OH","45069-1614","155786720","E"
"SHERRIE WOODEN","112 OLIVE ST","","CHAGRIN FALLS","OH","44022-3119","159956540","E"
"AUSTIN SMITH","207 FAULKNER DR","","LITHOPOLIS","OH","43136-7512","155297045","N"
"COLDEN SCHEMMEL","4563 AZALEA LN","","NORTH OLMSTED","OH","44070-2450","158542509","N"
"ROBERT ZIMMERER","27 MARKS RD","","BRUNSWICK","OH","44212-1045","156588233","E"
"AYLWARD GEIER","4100 SARGASSO CT","","CINCINNATI","OH","45251-1924","156773996","E"
"LAURIE DARKE","2534 ALUM CROSSING DR","","LEWIS CENTER","OH","43035-7353","157768662","E"
"ZANE RICHARDSON","796 SURREY DR","","GALION","OH","44833-1148","155139083","E"
"ROY JOSHUA","4126 HERALD SQUARE PL","","DUBLIN","OH","43016-7187","159744155","E"
"DAVID GOLDEN","23251 BLACKSTONE AVE","","EUCLID","OH","44123-2539","158952647","E"
"CHEVAUN HAMMER","8860 LIVINGSTON RD","","CINCINNATI","OH","45251-5821","158904491","E"
"CAROL TOLMAN","165 CHESTER AVE","","WADSWORTH","OH","44281-8362","158322159","E"
"TYLER STEINER","1575 LAKELAND AVE","","LAKEWOOD","OH","44107-3816","154081438","E"
"CHRISTINE HADLEY","4844 LYNN DR","","GALENA","OH","43021-8147","158151413","E"
"LILMA FLETCHER","12082 RAINTREE AVE","","PICKERINGTON","OH","43147-9697","154851431","E"
"UVON ROBERTS","688 COLEMAN RD","","MANSFIELD","OH","44903-1845","158275110","E"
"HARLEY ROSS","3930 SADDLEHORN DR","","COLUMBUS","OH","43221-5719","158103095","N"
"LAXMAN KHADKA","5363 CANYON RIDGE DR","","LIBERTY TWP","OH","45011-0631","159009943","N"
"SHANE COTTRELL","6129 HUCKLEBERRY LN","","LIBERTY TWP","OH","45011-9393","158683222","E"
"MELS MBUYI","7795 ROCK PORT WAY","","WEST CHESTER","OH","45069-9423","156207443","N"
"DAVINIA FLORES","443 GARNET RANCH DR","","DELAWARE","OH","43015-4451","158743058","N"
"LUCAS MOYETT","5215 CHESTNUT RD","","INDEPENDENCE","OH","44131-3362","156364378","E"
"PETER CHRISTOPHER","2690 DONNA DR","","COLUMBUS","OH","43220-4507","158206826","N"
"NATALIE DAGG","1453 WHITE AVE","","FREMONT","OH","43420-1144","157923787","N"
"NANCY MEYER","3727 TANGO DR","","NORTH BEND","OH","45052-9518","156378805","E"
"REGINA MAENZ","272 DEEPWOOD DR","","WADSWORTH","OH","44281-9443","156070704","N"
"CHAD LONG","510 S WARREN AVE","","COLUMBUS","OH","43204-3060","157533736","N"
"MARTHA ROTH-ASHBY","6033 STEARNS RD","","NORTH OLMSTED","OH","44070-4108","159870804","N"
"JOHN LINZINMEIR","1454 WEIGOLD AVE","","CINCINNATI","OH","45223-1824","156255372","N"
"DARREN HAWORTH","3843 EQUESTRIAN CT","","COLUMBUS","OH","43221-5902","153943829","E"
"BRIAN JUSTICE","160 MERRY WOOD DR","","NEWARK","OH","43055-9585","157773992","E"
"MEGAN HULME","3456 PINE RIDGE DR","","LEWIS CENTER","OH","43035-9361","157469250","E"
"OLIVER BOONE","5372 SUMMIT RD","","LYNDHURST","OH","44124-2816","159650557","E"
"AYAZ SYED","4116 APPLE CREEK DR","","BROOKLYN","OH","44144-1211","154205447","N"
"MOURAD ABCHICHE","5589 FESCUE DR","","HILLIARD","OH","43026-9424","153911965","N"
"JERRY SUR","16944 GREENWOOD DR","","STRONGSVILLE","OH","44149-5800","157961227","E"
"NANCY DIAZ","5762 PINE TREE ST W","APT D","COLUMBUS","OH","43229-3781","156176830","N"
"JOEL GRACE","7746 SHEED RD","","CINCINNATI","OH","45247-3519","159156135","N"
"JAMES CRITES","1179 N HIGH ST","","LANCASTER","OH","43130-1850","156207524","N"
"JEFFREY HUNDT","1294 RAMONA AVE","","LAKEWOOD","OH","44107-2632","159994835","E"
"LIAM MORRIS","4495 W 149TH ST","","CLEVELAND","OH","44135-3417","158423720","E"
"STEPHANIE COOKE","9380 BLUEGATE DR","","CINCINNATI","OH","45231-3264","155709098","E"
"DAVID NUNN","147 DEVON RD","","DELAWARE","OH","43015-2820","158216478","E"
"DEREK GIBBONS","1888 LORA LANE RD","","CANAL WINCHESTER","OH","43110-9315","157241871","E"
"MATTHEW MITCHELL","7018 STRAWBERRY CT","","LIBERTY TWP","OH","45011-9104","156128334","E"
"KIRSTEN MAAG","5249 W 150TH ST","","BROOK PARK","OH","44142-1736","157645068","N"
"KAITLIN BERGER","3116 HILLROSE DR","","HILLIARD","OH","43026-9116","157231005","E"
"MARY GUGAR","6545 STRATHMORE DR","","VALLEY VIEW","OH","44125-5514","159653559","E"
"VANESSA WEBSTER","4665 ANTHONY WAYNE AVE","","FAIRFIELD","OH","45014-1701","154250790","E"
"REBECCA BISHOP","2949 HEATHERLEAF WAY","","COLUMBUS","OH","43231-2906","159282272","N"
"JAMES SPRENG","4044 LINCOLN HWY","","BUCYRUS","OH","44820-9648","158423688","E"
"JOSHUA DEARWESTER","1056 BUMBLEBEE END","","GROVE CITY","OH","43123-4201","155486243","N"
"IRMA ROBLERO","965 HAVENSPORT DR","","CINCINNATI","OH","45240-1853","155655420","N"
"KRISTIN JONES","4793 TETER CT","","COLUMBUS","OH","43220-3133","154208885","N"
"WARREN HALL","2858 FAIRWOOD AVE","","COLUMBUS","OH","43207-2731","159645060","N"
"CATHY HOVER","101 BUENA VISTA AVE","","COLUMBUS","OH","43228-1103","157394685","E"
"MICHAEL SAMS","7029 JUNIPERVIEW LN","","CINCINNATI","OH","45243-2558","158898591","E"
"ALEXANDER PEARSON","2258 CRANFORD RD","","COLUMBUS","OH","43221-1207","159095939","N"
"BECK CRANDALL","15 OVERLOOK CT","","FAIRFIELD","OH","45014-5048","154587937","N"
"MADELINE RICHARDS","3235 BELLACRE CT","","CINCINNATI","OH","45248-5005","154004460","E"
"LEAH BREMBECK","501 MELISSA DR","","OXFORD","OH","45056-2537","158763930","N"
"WILLIAM WOLOHIAN","3006 HILLCREST AVE","","CLEVELAND","OH","44109-4915","157402598","E"
"ADRIENNE FRAZIER","9873 KITTYWOOD DR","","CINCINNATI","OH","45252-2151","159904221","N"
"KRISTIE CORNELIUS","5159 RIVERWATCH DR","","CINCINNATI","OH","45238-5901","159045873","E"
"JA TURNER","16907 MAPLE HEIGHTS BLVD","","MAPLE HEIGHTS","OH","44137-2646","156255135","N"
"RACHEL CARTER","4743 BRAIDEN DR","","GALENA","OH","43021-1124","158106661","N"
"JACKIE HILBERT","7835 EDGEWATER CT","","CANAL WINCHESTER","OH","43110-8245","153875826","N"
"BLAKE CYRUS","1776 STEELE RD","","BELLVILLE","OH","44813-9022","154717982","N"
"ALEXIS BURROW","3362 DARBY GLEN BLVD","","HILLIARD","OH","43026-3836","156207627","E"
"KARI RANDALL","2406 HARRIS RD","","HAMILTON","OH","45013-9674","154381128","E"
"BETH CARTER","3045 WARRINGTON RD","","SHAKER HTS","OH","44120-2424","156324058","E"
"MARY KENT","1667 FAIRGATE PL","","COLUMBUS","OH","43206-3371","155863703","E"
"DAVID STOCKDALE","2007 DUMONT ST","","NEWARK","OH","43055-3494","153786183","E"
"MURTAZA QADERI","7912 CHESTERFIELD AVE","","PARMA","OH","44129-1806","155234992","N"
"RAHKEM FOWLER","1472 FOXWOOD DR","","CINCINNATI","OH","45231-5313","159613792","N"
"ANTHONY ERNANDES","1035 GRIMES RD","","MANSFIELD","OH","44903-9190","157489474","E"
"TERESA CLARK","11834 COLERAIN RD","","CINCINNATI","OH","45252-1006","159108159","E"
"SUSAN DEKKING","5061 SINGLETON DR","","HILLIARD","OH","43026-9137","154321873","E"
"LUIS REYES","2156 BRIDLEWOOD BLVD","","OBETZ","OH","43207-5203","159316894","E"
"BENJAMIN SCHNEIDER","7541 KIRTLEY DR","","CINCINNATI","OH","45236-4153","158534605","E"
"ANTONIETA MOREL","6187 LAKOTA DR","","CINCINNATI","OH","45243-2949","158742571","N"
"JACQUELYNE JORDAN","6757 FOREST RIDGE DR","","CINCINNATI","OH","45247-1115","159789184","E"
"ROBERT FERGUSON","49 N OHIO AVE","","COLUMBUS","OH","43203-1950","158720841","E"
"MADISON CLOUSE","172 E JEFFREY PL","","COLUMBUS","OH","43214-1704","155983435","E"
"ABDOU SECK","1790 WILLOWAY CIR S","","COLUMBUS","OH","43220-7519","158037573","E"
"TALESA TOLLIVER","139 W GLENDALE ST","","BEDFORD","OH","44146-3274","154789092","N"
"CASSANDRA SMITH","5721 PEABODY AVE","","CINCINNATI","OH","45227-2215","157238637","E"
"DANIEL FREDRITZ","6650 SUNBURY RD","","WESTERVILLE","OH","43082-8215","156821005","E"
"DENNIS LAMMERS","6133 WOODHALL DR","","CINCINNATI","OH","45247-6504","154141143","E"
"JACK NEWMAN","5202 LONGTON RD","","LYNDHURST","OH","44124-2752","157277323","E"
"ROBERT MCCLURE","930 E 17TH AVE","","COLUMBUS","OH","43211-2437","155223253","E"
"BENJAMIN PAYNE","4581 RANDALL DR","","LIBERTY TWP","OH","45011-7307","153818375","E"
"JENNIFER MILLER","958 JANET DR","","COLUMBUS","OH","43224-2639","156017791","N"
"LOIS SMITH","104 E LAKEVIEW AVE","","COLUMBUS","OH","43202-1217","154455066","N"
"DANA ADAMS","2290 HAMILTON MIDDLETOWN RD","","FAIRFIELD TOWNSHIP","OH","45011-2125","156793386","E"
"SETH HAZEN","164 WILSON AVE","","COLUMBUS","OH","43205-1437","157714601","N"
"JOHN GILMORE","1933 PATTON AVE","","HAMILTON","OH","45015-1061","156070348","E"
"JUSTIN CHRISTENSEN","1101 ORCHARD PARK DR","","ROCKY RIVER","OH","44116-2043","156297286","N"
"MARIE DODSON","6811 SUNDERLAND DR","","PARMA","OH","44129-4527","154786990","E"
"CLARK CAMPBELL","676 WAGER ST","","COLUMBUS","OH","43206-1449","156964441","N"
"MATTHEW LEVERING","5581 HARLEM RD","","NEW ALBANY","OH","43054-9708","157502340","E"
"EPIFANIO BERDIN","3240 VALLEY PARK AVE","","COLUMBUS","OH","43231-6023","156463103","E"
"BYDEA FOSTER","2340 EHRING RD","","COLUMBUS","OH","43211-1726","157230472","E"
"DONALD GRAY","199 ANNANDALE DR","","FAIRFIELD","OH","45014-5226","156992757","E"
"GREGORY DUNN","3891 CARBERRY DR","","DUBLIN","OH","43016-7294","154630938","E"
"RACHEL WILSON","215 N F ST","","HAMILTON","OH","45013-2933","159169364","E"
"KEATON PRATT","65 MOUNT VERNON AVE","","FREDERICKTOWN","OH","43019-1150","158843086","N"
"DANIELLE SENNET","2196 VICTORIA PARK DR","","COLUMBUS","OH","43235-7131","159486115","N"
"ROBERT CARPENTER","985 MILLIKIN ST","","HAMILTON","OH","45013-3415","154165331","E"
"KEVIN STOTLER","6789 PECOS DR","","CINCINNATI","OH","45244-3124","157656677","E"
"LAURA CAMPBELL","6703 LAKE RD","","MEDINA","OH","44256-8840","159209779","E"
"CAYLA ANDRICK","130 FAIRDALE AVE","","WESTERVILLE","OH","43081-3411","156442910","N"
"DANIEL SIKLER","362 SILVER MEADOW DR","","WADSWORTH","OH","44281-8868","155097385","N"
"NATHAN SCHOENBERGER","5347 SHADY MEADOWS DR","","FAIRFIELD TOWNSHIP","OH","45011-7852","158764306","E"
"JOSHUA GROGAN","2111 SUTTON AVE","UNIT D","CINCINNATI","OH","45230-1622","156002230","N"
"DAVID HOLLAND","5817 DETROIT AVE","","CLEVELAND","OH","44102-3001","159873297","E"
"WILLIE RICHARDSON","535 E 208TH ST","","EUCLID","OH","44119-1801","158825469","N"
"JERRY WILKER","5298 LAURELRIDGE LN","","CINCINNATI","OH","45247-7949","157532211","E"
"ANNA GABBARD","6123 HANKINS RD","","MIDDLETOWN","OH","45044-9118","153838508","E"
"KAREY WALKER","1672 HAFT DR","","REYNOLDSBURG","OH","43068-3064","158134953","E"
"SEAN TEMPLETON","25684 HIDDEN ACRES DR","","WESTLAKE","OH","44145-4707","157581847","E"
"TYLER RAAK","417 MELICK DR","","DELAWARE","OH","43015-7570","154189812","E"
"DAKOTA KUJAWA","217 AMITY RD","","GALLOWAY","OH","43119-8732","154088286","E"
"CORY STRICKENGLOSS","6849 VALKENIER PKWY","","WESTERVILLE","OH","43081-2070","158096734","E"
"WILLIAM PELTZ","920 ROSE BLVD","","HIGHLAND HEIGHTS","OH","44143-3230","154374659","E"
"KATHRYN PHELAN","1409 HILLBROOK DR NE","","LANCASTER","OH","43130-1106","154851433","E"
"STEPHEN EDGE","10730 MILL STREET RD SW","","PATASKALA","OH","43062-7837","156990985","E"
"TERENCE MCREYNOLDS","1201 CRANFORD AVE","","LAKEWOOD","OH","44107-2307","159900515","E"
"LAVERNE PRYSI","8200 CANYON RD SE","","HEBRON","OH","43025-9305","159258225","E"
"HUNTER HILD","626 N 5TH ST","","FREMONT","OH","43420-3904","153806224","E"
"JUSTIN SIPPERLEY","961 LILLEY AVE","","COLUMBUS","OH","43206-1731","155352906","N"
"KENNETH FINLEY","10220 LORETTA AVE","","CLEVELAND","OH","44111-1260","159053170","E"
"ROBERT AMEND","808 FINNEY TRL","","CINCINNATI","OH","45224-1319","158486410","E"
"LUIS AGUILERA","1429 PICARD RD","","COLUMBUS","OH","43227-3237","159764332","N"
"ROBIN RACICKI","17613 FLAMINGO AVE","","CLEVELAND","OH","44135-4143","157675579","E"
"HANNA HADDAD","7079 CROWN POINTE DR","","LIBERTY TWP","OH","45011-7258","156798978","E"
"STEPHANIE RAWASHDEH","923 ANDREWS RD","","MEDINA","OH","44256-2004","155107109","E"
"DOUG PIWINSKI","22235 ARBOR CLIFF LN","","ROCKY RIVER","OH","44116-1051","158310636","N"
"DAVID HARTMAN","9985 PROSPECT RD","","STRONGSVILLE","OH","44149-2217","158528716","E"
"RENATA THOMPSON","5190 WILLOW GROVE PL N","","DUBLIN","OH","43017-2107","159143334","N"
"JACOB SCHLOSSER","182 RUSTIC PL","","COLUMBUS","OH","43214-2031","154415144","E"
"CORNELIUS SANDERS","16040 MAPLE HEIGHTS BLVD","APT 108","MAPLE HEIGHTS","OH","44137-5002","154758058","E"
"MICHELLE PARASCHAC","4453 WINTERRINGER ST","","HILLIARD","OH","43026-1060","159367361","N"
"BRIAN GARDNER","4891 GREENGATE DR","","GROVEPORT","OH","43125-9753","153883736","E"
"KARA SIMS","7095 GOLDING DR","","REYNOLDSBURG","OH","43068-2524","157116683","E"
"ELLIOT LAGENDYK","190 W WILLIAM ST","","DELAWARE","OH","43015-2406","158765696","N"
"JAMES MAXFIELD","2340 BRIGADOON CT","","WESTLAKE","OH","44145-3024","159401056","E"
"MICHELLE SIROCKY","14215 TUCKAHOE AVE","","CLEVELAND","OH","44111-2325","157787968","N"
"ELIZABETH WEIDMAN","334 ROSALIND AVE","","WADSWORTH","OH","44281-1266","158217614","E"
"CHRISTINE MCDONOUGH","1836 SEABRIGHT CT","","POWELL","OH","43065-9202","157936597","E"
"BRYCE BLAKE","3969 NEWHALL RD","","COLUMBUS","OH","43220-4865","159344200","N"
"BEATRICE KINKELA","5969 EBONY OAK DR","","CANAL WINCHESTER","OH","43110-1394","158104496","N"
"BRIAN BOWLING","3780 LYNDON CENTER CT","","CINCINNATI","OH","45236-1522","154437781","E"
"SHYLA RATCLIFF","3800 EDENDALE RD","","COLUMBUS","OH","43207-4119","154214731","E"
"ROBERT SHELLY","35 BREVOORT RD","","COLUMBUS","OH","43214-3823","154494309","E"
"SUE STANLEY","2835 BLOSSOM AVE","","COLUMBUS","OH","43231-2921","158200983","E"
"ADRIAN ABNEL","1284 WEBB DR","","OBETZ","OH","43137-0200","155744875","N"
"MICHAEL MILAM","20249 COUNTY ROAD 6","","COSHOCTON","OH","43812-9150","154162983","E"
"AVROHOM JACOBS","3484 BERKELEY RD","","CLEVELAND HEIGHTS","OH","44118-1937","155090443","N"
"SARAH LLOYD","5815 STONESHEAD CT","","WESTERVILLE","OH","43081-9725","157768830","E"
"STEPHEN MALONEY","9517 AMBLESIDE DR","","WEST CHESTER","OH","45241-1165","156746569","E"
"JULIA CARNEVALE","3766 FLORAL AVE","","CINCINNATI","OH","45212-3945","157912822","N"
"MICHELLE HALL","11820 EDGEWATER DR","APT 105","LAKEWOOD","OH","44107-1767","157530766","E"
"ANNAMARIE FRAIZER","321 N 11TH ST","","NEWARK","OH","43055-4421","158636233","E"
"ABIGAIL BENJAMIN","6498 WYNDBURNE DR","","DUBLIN","OH","43016-8694","156355306","N"
"MARTIN FISH","444 N DICK AVE","","HAMILTON","OH","45013-2612","159400836","N"
"ERIC OILER","304 REDFERN RD","","CHIPPEWA LAKE","OH","44215-9603","156047023","N"
"CARL DEMUSZ","635 BELLUS RD","","HINCKLEY","OH","44233-9777","158774632","E"
"SAWYER HOLTHAUS","3711 HARBOROUGH DR","","COLUMBUS","OH","43230-4046","155353972","N"
"NASRULLAH SAFI","16249 FALMOUTH DR","","STRONGSVILLE","OH","44136-7481","157609276","N"
"SANDRE CULVER","1307 CHESTERTON LN","","COLUMBUS","OH","43229-2619","156487935","E"
"BARBARA JACKSON","836 PEACEFUL PATH","","MANSFIELD","OH","44907-2022","157769308","E"
"ROBERTA MILLER","22100 BALL AVE","","EUCLID","OH","44123-2708","155232496","E"
"DEVIN RICE","4046 BERRYFIELD DR","","COLUMBUS","OH","43230-5101","159460225","N"
"CHARLES ABRAM","1010 ESTHER DR","","COLUMBUS","OH","43207-4274","154802672","E"
"JEFFREY THATCHER","140 PENICK AVE","","DELAWARE","OH","43015-2212","154876480","E"
"BONNIE LANGLEY","2432 MCCOMB RD","","GROVE CITY","OH","43123-1468","157096293","E"
"KRISTIN SCHEHING","2936 ROBERTSON AVE","","CINCINNATI","OH","45209-1202","154114090","E"
"CYNTHIA HARPER","251 EARNSHAW AVE","","CINCINNATI","OH","45219-2918","155370509","E"
"BILLIE GILLESPIE","89 SCHRYVER RD","","COLUMBUS","OH","43207-3056","158616410","E"
"DONNA JACKSON","3464 HUFFMAN RD","","MEDINA","OH","44256-7913","157732053","E"
"TYLER MCCLELLAN","6419 HEITZLER AVE","","CINCINNATI","OH","45224-1931","159471804","E"
"BRANDON RAPER","8581 ESSEX ORCHARD STATION DR","","FAIRFIELD","OH","45014-9204","156073430","N"
"STANLEY DEMILLE","4830 BRADLEY RD","","WESTLAKE","OH","44145-5107","154793016","N"
"JASON CREAGER","2954 MARION PKWY","","BRUNSWICK","OH","44212-1449","159411217","N"
"MARY LACKEY","11583 HANOVER RD","","CINCINNATI","OH","45240-2441","156382833","E"
"JESSICA GURWIN","4443 KIMMEL RD","","COLUMBUS","OH","43224-1132","157597711","E"
"FAUZIA ISSAKA","3093 CUMBERLAND WOODS DR","","COLUMBUS","OH","43219-1600","156180042","E"
"DIANA DAY","643 HOLLY HILL DR","","COLUMBUS","OH","43228-2930","154028207","E"
"MELISSA SKINNER","5537 PLANET DR","","FAIRFIELD TOWNSHIP","OH","45014-5014","159155919","N"
"RACHEL LEAVITT","6127 ALICE DR","","WESTERVILLE","OH","43081-9617","157400534","E"
"AMANDA MCMURRAY","2444 SPORE BRANDYWINE RD","","BUCYRUS","OH","44820-9031","157087776","E"
"RACHEL SHARKMAN","483 N SELBY BLVD","","WORTHINGTON","OH","43085-3721","158200844","E"
"AARON DAVIS","5990 CORTA BELLA RD","","WESTERVILLE","OH","43081-7670","155841107","E"
"GREGORY WINTERING","1480 LEWIS DR","","LAKEWOOD","OH","44107-4837","159197764","E"
"PHILLIP WALLACE","225 STANMARY DR","","BEREA","OH","44017-2515","159841414","E"
"TAWANNA HICKMAN","5315 EBERSOLE AVE","","CINCINNATI","OH","45227-1614","156255404","E"
"KRISTYN ANDERSON","3929 MOUNTVIEW RD","","COLUMBUS","OH","43220-4805","154911724","E"
"MAKAYLA LANTZ","2811 QUAKER RD","","BUCYRUS","OH","44820-1233","154206069","E"
"TIM FLEMING","226 BURNS AVE","","CINCINNATI","OH","45215-4318","157566042","E"
"ADAM HOWLETT","532 WOODLAKE DR","","WESTERVILLE","OH","43081-3076","155694359","E"
"TRAVIS FRANKHOUSER","5324 STONEMEADOW AVE","APT A","COLUMBUS","OH","43220-6254","158843943","N"
"BUHARI AMIBAYIN","6320 ANGURIA DR","","HILLIARD","OH","43026-3915","155398025","N"
"RITA BURROWS","3108 W 95TH ST","","CLEVELAND","OH","44102-4736","158226492","E"
"FRANKLIN SNYDER","66 E LAKEVIEW AVE","","COLUMBUS","OH","43202-1215","154213462","E"
"BRITTANY HAVENS","1768 COURTLAND AVE","","CINCINNATI","OH","45212-2844","156091323","E"
"CHARLES ROTTENBERGER","5344 ORANGELAWN DR","","CINCINNATI","OH","45238-5614","159259836","N"
"MADELYN COLDREN","13482 CANYON LN","","PICKERINGTON","OH","43147-7933","154749619","E"
"MARIA BYRD","5921 CANYON CREEK DR","","DUBLIN","OH","43016-7419","157904584","E"
"SAMUEL WOODARD","30 MITCHELL LN","","MORELAND HILLS","OH","44022-2312","154317746","N"
"JOSEPH PRIESS","4470 FOLKESTONE CT S","","COLUMBUS","OH","43220-3704","155040010","E"
"PAMELA PRITCHARD","613 DEER RUN RD","","WESTERVILLE","OH","43081-3245","157068143","N"
"DANIEL FESTA","4187 COLUMBIA RD","APT 332","NORTH OLMSTED","OH","44070-2086","157876023","N"
"MICHAEL OAKLEY","439 MARCIA AVE","","HAMILTON","OH","45013-2637","157403706","E"
"GOCE MANEV","12711 MELGROVE AVE","","GARFIELD HEIGHTS","OH","44105-7003","156167265","N"
"KERRY MURRAY","183 HURON ST","","BELLVILLE","OH","44813-1208","157338240","N"
"NICHOLAS VEAUTHIER","4337 W 189TH ST","","CLEVELAND","OH","44135-1803","158008514","E"
"MELVIN MCKENNA","1334 CHEW RD","","MANSFIELD","OH","44903-9228","158610267","N"
"EMILY STEEDMAN","1171 NORDYKE RD","","CINCINNATI","OH","45255-4776","154324652","E"
"JAMES FRANCE","708 CLARK STATE RD","","COLUMBUS","OH","43230-1958","158650366","E"
"SETH DREYER","7291 TICONDEROGA CT","","CINCINNATI","OH","45230-4108","156904926","E"
"DAVID BROZ","4656 FOREST TRL","","LIBERTY TWP","OH","45011-2487","157744732","E"
"CINDA MARSH","230 NORTHWOODS DR","","COLUMBUS","OH","43235-4406","154667289","E"
"KELLY FANELLO","1605 GRACE ST","","MANSFIELD","OH","44905-2744","154030078","E"
"ELIASIB GARCIA","11121 GABRIELLA DR","","PARMA","OH","44130-1471","157602709","E"
"ERIK FULTON","8539 MEACHAM CT","","POWELL","OH","43065-8247","154294094","E"
"KAREN DANIELS","9596 HEIGLE RD SW","","STOUTSVILLE","OH","43154-9548","156000783","E"
"TIMOTHY NOONAN","765 VILLAGE MILL DR","","SUNBURY","OH","43074-9397","154379626","E"
"BYRON PEARSON","3421 W 99TH ST","","CLEVELAND","OH","44102-4613","158167965","N"
"JOHN CATRON","18550 HOLLAND RD","","BROOK PARK","OH","44142-1403","159472893","E"
"THOMAS DUNN","119 NORTH AVE","","CINCINNATI","OH","45215-2121","159550264","N"
"JERRY HODGKIN","3031 FELTZ AVE","","CINCINNATI","OH","45211-4913","155503359","E"
"SYLVIA REED","120 RIDGE AVE","","OXFORD","OH","45056-1533","155382611","N"
"KATIE QUINN","8451 BECKETT POINTE DR","","WEST CHESTER","OH","45069-6440","157538831","N"
"PAMELA SATTARI","7240 SILVER CREST DR","","CINCINNATI","OH","45236-3623","157754914","E"
"CAMERON SNYDER","13246 LAKELAND DR","","FREDERICKTOWN","OH","43019-9727","158709458","E"
"HEATHER BEHARY","10512 SANFORD RD","","LODI","OH","44254-9763","154791733","E"
"CESARE DICRISTOFARO","3754 EDWARDS RD","","CINCINNATI","OH","45209-1933","158151520","E"
"RAMON ROIG","5805 CHANDLER ST","","CINCINNATI","OH","45227-1731","158511409","E"
"ROBERT KNOSE","7252 STILLWELL BECKETT RD","","OXFORD","OH","45056-9210","155926920","E"
"LILLIAN CLARK","255 SCHOOL ST","","BREMEN","OH","43107-1165","154374668","N"
"JACK BASSILE","208 MULBERRY ST","","CINCINNATI","OH","45202-8927","154592987","N"
"ALFRED SHIKANY","1315 MORTEN ST","","CINCINNATI","OH","45208-2705","155742403","E"
"STEPHANIE WILLIAMS","5207 HUNTER AVE","","NORWOOD","OH","45212-1424","159693267","N"
"LEELA GODE","4834 OSPREY POINTE DR","","LIBERTY TWP","OH","45011-3635","155006730","E"
"LARRY HORNER","6704 WOODRUFF CT","","CLEVELAND","OH","44130-8387","159299195","E"
"AMIE CENTES","2187 LEAH LN","","REYNOLDSBURG","OH","43068-3519","155011861","E"
"ERIK SMOLEWSKI","13041 DOGWOOD DR NE","","THORNVILLE","OH","43076-9195","156004759","N"
"DANIEL RIGHTLER","317 WEYMOUTH LN","","COLUMBUS","OH","43228-1333","154706373","E"
"MITCHELL TINKER","18909 PAWNEE AVE","","CLEVELAND","OH","44119-1718","158747293","N"
"MATTHEW EVANS","182 COUNTRY VIEW DR","","HARRISON","OH","45030-1856","154565439","E"
"DUSTIN MARKS","3751 HYDE PARK AVE","","CINCINNATI","OH","45209-2321","154478280","E"
"DAMBER KHATIWODA","661 TORIA DR","","REYNOLDSBURG","OH","43068-8580","158023928","N"
"JACK LETZER","575 GILBERT ST","","COLUMBUS","OH","43205-2615","155397987","N"
"MARKIA SWANN","1051 ADDICE WAY","","CINCINNATI","OH","45224-2701","158189146","E"
"CHARLES WALTERS","1547 SPRING LAWN AVE","","CINCINNATI","OH","45223-1639","157063067","E"
"CHRISTOPHER JOHNSON","221 N FRONT ST","APT 411","COLUMBUS","OH","43215-2294","155672393","E"
"RENEE USHERY","9613 KOSTA DR","","CINCINNATI","OH","45231-4019","158267106","N"
"CYNTHIA SUTTON","7120 BAYBERRY CIR","","NORTH OLMSTED","OH","44070-4738","156587409","E"
"DANNY FOSS","1790 MARSDALE AVE","","COLUMBUS","OH","43223-3723","159206457","E"
"CONOR ODRISCOLL","2375 CROSS CREEK CT","","LEWIS CENTER","OH","43035-9174","158406076","N"
"GIFTY JACOB","7630 AFFIRMED CT","","LEWIS CENTER","OH","43035-9143","157018524","E"
"ZACHARY WRIGHT","13825 COURTLAND AVE","","CLEVELAND","OH","44111-4937","156463495","E"
"ANTHONY QUITAR","3347 SCIOTO GLEN DR","","HILLIARD","OH","43026-4815","156218379","E"
"JOSEPH GUILLIAMS","303 N 15TH ST","","COSHOCTON","OH","43812-1406","159550150","N"
"SHANNON GARDNER","287 VICTORY CT","","PICKERINGTON","OH","43147-1556","156269147","E"
"JONATHAN SCHANK","1615 FANGBONER RD","","FREMONT","OH","43420-1129","153806863","N"
"JEFFREY BURNS","3223 ANDREW ST","","MIDDLETOWN","OH","45044-7605","156893552","N"
"BRENDA BELL","66 W CAMPUS VIEW BLVD","","COLUMBUS","OH","43235-1436","157069935","E"
"MEGAN SHELTON","5953 COUNTY ROAD 109","","MOUNT GILEAD","OH","43338-9305","157113262","N"
"MALLORY PRAMPERO","137 SHINGLEOAK DR","","LOVELAND","OH","45140-7742","158597667","N"
"KELLY STEWART","2084 EDENHALL DR","","LYNDHURST","OH","44124-3828","156119235","N"
"MARLIN HILL","1613 LAFAYETTE AVE","","MIDDLETOWN","OH","45044-5916","154189216","E"
"DEVIN PERRY","6470 WOODHAWK DR","","MAYFIELD HEIGHTS","OH","44124-6109","157987241","N"
"ALLISON KAMPEL","5432 JULMAR DR","","CINCINNATI","OH","45238-1938","154851507","E"
"KATIE BAILEY","8297 COPPERNAIL WAY","","WEST CHESTER","OH","45069-1855","154787135","E"
"ZACH MAGOTO","2259 CANTERBURY RD","","COLUMBUS","OH","43221-3123","158359032","E"
"SARAH SALYER","595 DEERWOOD AVE","","GAHANNA","OH","43230-2072","156964349","N"
"ANGELA ZACCARDELLI","4519 W RIDGEWOOD DR","","PARMA","OH","44134-4123","157911823","N"
"KAYLA BINDNER","1421 CULLEN AVE","","BUCYRUS","OH","44820-3306","157603097","E"
"CHARLES THOMAS","1531 BARBEN CT","","HARRISON","OH","45030-2827","154260001","N"
"JIMMY HIGNITE","1445 PARK AVE E","","MANSFIELD","OH","44905-2951","157180297","N"
"ROBERT RIEDEL","3950 HEDGEWOOD DR","","MEDINA","OH","44256-6521","153790191","E"
"CARLA SKAL","20 PARROTT ST","","MOUNT VERNON","OH","43050-4520","154626719","N"
"JORDAN TRIGILIO","8219 CAMPDEN LAKES BLVD","","DUBLIN","OH","43016-8257","157856907","N"
"ALICIA PERUSCINI","711 AUTUMN TREE PL","","WESTERVILLE","OH","43081-3114","157739864","E"
"VICENTE LUNA","8899 SHAFFER DR","","POWELL","OH","43065-6018","156875195","E"
"GREG HESTER","7811 THOMPSON RD","","CINCINNATI","OH","45247-2250","158199762","E"
"MICHAEL ARCURI","1948 W 47TH ST","","CLEVELAND","OH","44102-3435","159292184","E"
"LEAH BROWN","11164 LOVELAND TRACE CT","","LOVELAND","OH","45140-7133","154389280","N"
"CHERYL KIMBLE","118 HOWARD ST","","CLYDE","OH","43410-1214","155689885","E"
"JENNIFER ALBERT","940 TECUMSEH AVE","","COLUMBUS","OH","43207-5065","153839151","E"
"WINFORD TAYLOR","813 EXMOOR DR","","CINCINNATI","OH","45240-3017","154864343","E"
"ALONSO CAMPOS","3943 SUGARBARK DR","","CANAL WINCHESTER","OH","43110-7711","157714218","N"
"PATRICK JOHNSON","9590 LOOP RD","","MILLERSPORT","OH","43046-9631","156092915","E"
"CAROL MACK","3835 CLARIDGE OVAL","","UNIVERSITY HEIGHTS","OH","44118-4739","159473612","E"
"CECILIA HARRIS","1875 ROSEMONT RD","","CLEVELAND","OH","44112-3908","157277282","E"
"BOBBY SOTHEN","121 PARKWOOD BLVD","","MANSFIELD","OH","44906-3217","154805610","N"
"DONALD SWARTLEY","5019 GARDEN GROVE LN","","CINCINNATI","OH","45238-3563","157406250","N"
"JAMES RACK","9731 STATE ROUTE 128","","HARRISON","OH","45030-9227","156473220","E"
"TIMOTHY JAMES","3817 DAVENANT AVE","","CINCINNATI","OH","45213-2220","156968734","N"
"DAVID WITKOWSKI","4711 PINEHURST DR","","MEDINA","OH","44256-7609","156352350","E"
"CYNTHIA ADAM","4984 BRITTON FARMS DR","","HILLIARD","OH","43026-8205","154844398","N"
"LAWRENCE KENNEY","10840 WEST RD","","HARRISON","OH","45030-2040","158462181","E"
"ALICIA ROBINSON","532 SIESTA DR","","MARION","OH","43302-5726","153897177","E"
"SONDRA SADDLER","3150 SEBOR RD","","SHAKER HEIGHTS","OH","44120-2849","155160819","E"
"LAUREN KESNER","435 S OTTERBEIN AVE","","WESTERVILLE","OH","43081-2646","155693235","E"
"ASHWINI ESNAKULA","9342 BLUEWING TER","","BLUE ASH","OH","45236-1037","156121346","E"
"ASHLEIGH ANDERSON","12279 TYBEE WAY NW","","PICKERINGTON","OH","43147-1586","155452146","N"
"VALERIE LEACH","1600 CO RD 11","","CARDINGTON","OH","43315-2502","154578225","E"
"THOMAS LONGO","27230 CLIFFSIDE CIR","","OLMSTED TWP","OH","44138-8172","158411833","E"
"ALAN JACOB","4353 HAYES AVE","","FREMONT","OH","43420-8941","159092227","E"
"SHANE ODEENS","3235 FALLEN BROOK LN","","BRUNSWICK","OH","44212-7032","155791113","N"
"JOEL ANDERSEN","10363 PLAINFIELD RD","","CINCINNATI","OH","45241-3229","156047772","E"
"ALEXANDER KARCHER","210 FREBIS AVE","","COLUMBUS","OH","43206-3638","155701604","E"
"DANIEL HALEY","4126 KENRIDGE DR","","COLUMBUS","OH","43220-4152","157904569","E"
"MARIA CUMBE","745 COMPTON RD","","CINCINNATI","OH","45231-5056","159292292","N"
"AMBROSA FELDER","16716 INVERMERE AVE","","CLEVELAND","OH","44128-1406","155630191","E"
"CHRISTOPHER PATERNITI","1312 EASTWOOD AVE","","MAYFIELD HEIGHTS","OH","44124-1523","157464730","E"
"ROBERT KAISER","8096 WYCLIFFE DR","","CINCINNATI","OH","45244-2590","159214947","N"
"KATHARINE KOOGLER","1304 NORTHWOODS DR","","HILLSBORO","OH","45133-8217","158818177","E"
"RIANA BREWER","112 ROSSLYN AVE","","COLUMBUS","OH","43214-1444","155282830","E"
"BRITTANY MORGAN","5951 S FORK RD","","HEATH","OH","43056-9168","158560365","N"
"MATTHEW LANGEL","7749 BLACKS RD SW","","PATASKALA","OH","43062-8400","155199373","E"
"KATRINA KENTON","5864 CALMHAVEN DR","","CINCINNATI","OH","45248-4058","153982426","N"
"JOHN SALYERS","1634 HINE RD","","HAMILTON","OH","45013-9595","157480714","E"
"MATTHEW MURPHY","10778 BRIAR RD","","CENTERBURG","OH","43011-8459","157774269","E"
"ERIC ISLER","6469 MASEFIELD ST","","WORTHINGTON","OH","43085-3028","159962638","N"
"PAUL DIABOMBA","6203 TAYLOR RD","","CINCINNATI","OH","45248-2136","157667025","N"
"DENISE WILSON","854 SUNVIEW RD","","REYNOLDSBURG","OH","43068-1574","155225634","E"
"KATIE LEIBAS","1282 BLUEJACK LN","","HEATH","OH","43056-8228","154844262","E"
"JEFFREY KREJCI","3221 ARROW LN","","PARMA","OH","44134-5609","154867568","E"
"JACQUELINE TEASLEY","40 LEAH CT","","HAMILTON","OH","45013-3542","159929287","E"
"KARL STROMEIER","1183 TRENTWOOD RD","","COLUMBUS","OH","43221-2342","159839626","E"
"GABRIEL COE","277 N PARKVIEW AVE","","COLUMBUS","OH","43209-1437","156099305","E"
"SHELBY COOK","11201 STOUDERTOWN RD NW","","BALTIMORE","OH","43105-9430","156828815","E"
"BRADLEY PORTER","3006 THOMAS AVE","","GROVE CITY","OH","43123-2328","159341815","N"
"AMARJIT SINGH","5722 ELDON DR","","LIBERTY TWP","OH","45011-3561","155743792","E"
"ZACHARY RINES","2680 BRISTOL RD","","UPPER ARLNGTN","OH","43221-1104","154495518","N"
"AMANDA MEYER","2344 HORNING DR","","FAIRFIELD","OH","45014-4831","157209562","N"
"UROS REDZIC","19742 STOUGHTON DR","","STRONGSVILLE","OH","44149-5664","154802098","E"
"PETRINA WILLIAMS","5394 CASUAL CT","","CINCINNATI","OH","45238-4229","157620846","E"
"IRA SMITH","3894 WILLOW BRANCH DR","","CANAL WINCHESTER","OH","43110-7739","155863704","E"
"SHERRIE SLOCOMB","3517 LINDSTROM DR","","COLUMBUS","OH","43228-7064","158993220","N"
"CORY CONLEY","405 GRANDVIEW RD","","NEWARK","OH","43055-3551","158324729","N"
"TODD WEBER","30 FRENCH ST","","BEREA","OH","44017-2724","158619658","N"
"BRYAN POYSER","7617 ASHLAR CT","","CANAL WINCHESTER","OH","43110-8745","154940996","E"
"JACOB KIRBY","741 E FAIR AVE","","LANCASTER","OH","43130-2718","158083143","N"
"ERICA SHETZER","218 KIMBERLY LN","","CLYDE","OH","43410-1891","158495022","E"
"AMY CLAPP","706 JUNE ST","","FREMONT","OH","43420-3416","157142126","E"
"LEE TUCKER","3223 SUMMERDALE LN","","COLUMBUS","OH","43221-4627","159570672","E"
"KURT KLINGENBERG","956 NOTTINGHAM DR","","CINCINNATI","OH","45255-4767","154232243","E"
"NICHOLAS CERMAK","13732 NORTH ST","","UTICA","OH","43080-9439","157187518","E"
"SHEILA LEHMAN","967 S REMINGTON RD","","COLUMBUS","OH","43209-2461","154618087","E"
"TYLER SAMPSON","6624 LINDA LN","","SUNBURY","OH","43074-8022","156221161","E"
"JACOB LOHSER","5731 EDGEPARK DR","","BROOK PARK","OH","44142-1027","157024298","E"
"GINA HAYES","7126 HEARTHWOOD DR","","FAIRFIELD TOWNSHIP","OH","45011-6545","158632363","N"
"JOSEPH BOLLBRUSH","2811 PRISCILLA AVE","","PARMA","OH","44134-4226","158778561","E"
"DYLAN CAMPBELL","1116 BUCKLAND AVE","","FREMONT","OH","43420-2808","158475498","N"
"KATHRYN HOFFMAN","3736 WASHINGTON AVE","","CINCINNATI","OH","45229-2020","155174075","E"
"BRIAN SIMMONS","4159 SWEETGUM CT","","CINCINNATI","OH","45241-2931","157096346","N"
"SUSAN BRODERICK","3983 DOGLEG TRL","","MEDINA","OH","44256-7226","158071006","E"
"TROY PANNELL","3076 LEGION LN","","COLUMBUS","OH","43232-5493","158295894","E"
"MELANIE BRICKER","746 COUNTY ROAD 620","","ASHLAND","OH","44805-9548","158561106","N"
"WAYNE LOUIS","3651 SLEEPY HOLLOW RD","","BRUNSWICK","OH","44212-4167","158555437","E"
"NORA LEARY","216 E MAYNARD AVE","","COLUMBUS","OH","43202-3027","154361625","E"
"MELISSA WHITAKER","6427 WALDEN PONDS CIR","","FAIRFIELD TOWNSHIP","OH","45011-0502","155303369","E"
"FRIEDHELM GEIGER","5150 MUSGRAVE RD","","BUCYRUS","OH","44820-9338","153988649","E"
"JERNICE ROGERS","1693 GAYNOR RD","","COLUMBUS","OH","43227-2545","154841697","N"
"DAVID MAINE","7247 ABINGTON WAY","","WEST CHESTER","OH","45069-9301","154662121","E"
"CAROL BRUZINA","5923 GREEN CREST DR","","FAIRFIELD TOWNSHIP","OH","45011-2223","155850335","E"
"ELIZABETH BORTZ","24840 SHAKER BLVD","","BEACHWOOD","OH","44122-2356","159481295","N"
"TIMOTHY ROACH","6875 LITHOPOLIS RD","","CARROLL","OH","43112-9681","159741133","E"
"EVAN BERG","7525 SCIOTO PKWY","","POWELL","OH","43065-7496","158035746","N"
"LANDYN VRANIAK","8173 RED MILL DR","","WEST CHESTER","OH","45069-1718","159261303","N"
"ROSA DIXON","2505 SUTTER PKWY","","DUBLIN","OH","43016-8934","154412677","E"
"PAUL KONYS","2322 WOOSTER RD","","ROCKY RIVER","OH","44116-2751","158621258","E"
"JOHN YORK","5116 RIVER RIDGE LN","","FAIRFIELD TOWNSHIP","OH","45011-2245","157951988","N"
"JOELLE STILLS","18255 SHURMER RD","","STRONGSVILLE","OH","44136-6143","157607093","E"
"ANTHONY STEELE","4816 GLENWAY AVE","APT 10","CINCINNATI","OH","45238-4400","159282425","N"
"AMANDA BALLINGER","5252 CHAPS CT","","COLUMBUS","OH","43221-5706","157642608","E"
"ELIZABETH DIAZ","7860 SCHOTT RD","","WESTERVILLE","OH","43081-9691","158078482","N"
"KRISTI NYE","361 CANFIELD DR","","GAHANNA","OH","43230-2371","158039130","E"
"CODY MADAMA","4920 TOWNSHIP ROAD 179","","MARENGO","OH","43334-9780","157496012","N"
"MICHAEL SPRING","3018 KNOLLWOOD DR","","NEWARK","OH","43055-3509","154562437","E"
"STACEY PRICE","543 N STATE ST","","WESTERVILLE","OH","43082-9061","156157111","N"
"ANGELA HASKELL","115 KOEHLER DR","","MONROE","OH","45050-2582","157656405","E"
"JENNIFER TRIBBY","409 HARTFORD DR","","HAMILTON","OH","45013-2131","156378433","N"
"DANIELLE GEORGEFF","5806 HIGH POINT CT","","FAIRFIELD","OH","45014-3783","157856027","E"
"RAYMOND KINSEY","8 DANIELLE CT","","HAMILTON","OH","45013-5014","157024203","E"
"CASSANDRA BUTTS","25601 NEIL RD","","DANVILLE","OH","43014-9795","155987361","E"
"JERRY BOWEN","1671 STATE ROUTE 314 S","","ONTARIO","OH","44903-9211","156128744","N"
"MATTHEW GESSNER","2242 DIXON ST","","DELAWARE","OH","43015-3386","159207770","E"
"LUBOMIR PASHKOVSKIY","9635 BOUNDARY LN","","PARMA","OH","44130-5212","157788111","E"
"JENNIFER MARCHINKO","7879 TOWER RD","","SEVILLE","OH","44273-9729","155526718","E"
"LAUREN GROGAN","232 ISAAC THARP ST","","PATASKALA","OH","43062-8962","156080478","E"
"JOSEPH KNAB","29103 BASSETT RD","","WESTLAKE","OH","44145-2926","155822960","E"
"DARRELL HARSHAW","3716 STONELEIGH RD","","CLEVELAND HTS","OH","44121-1354","159070515","E"
"DONALD LUDLOW","7010 BIRCH CREEK CT","","LIBERTY TOWNSHIP","OH","45044-9204","159157730","E"
"RUSSELL PHILLIPS","13522 ROCKSIDE RD","","GARFIELD HEIGHTS","OH","44125-5172","154953603","E"
"BROCK BAUER","1506 SOUTHWOOD AVE","","REYNOLDSBURG","OH","43068-2645","156423779","N"
"MARTHA OLSON","4978 TAUNTON WAY","","COLUMBUS","OH","43228-1223","159282294","N"
"JUSTINE DEVORE","163 LEES DR","","HEBRON","OH","43025-9781","155619830","E"
"DAVID BITLER","774 LAMBTON CIR","","LANCASTER","OH","43130-7712","157675662","E"
"CAROL HARRIS","1954 WILSON AVE","","COLUMBUS","OH","43207-2073","157394430","E"
"BIJAN CHANGIZI","2021 SUMMIT ROW BLVD","","POWELL","OH","43065-8847","158721896","N"
"MELKAMU TEKLU","8019 ASHENDEN DR","","BLACKLICK","OH","43004-7100","154665290","N"
"JUSTIN MCDONALD","1034 LANETTE DR","","CINCINNATI","OH","45230-3616","156993454","E"
"JOSEPH TAYLOR","136 FALLIS RD","","COLUMBUS","OH","43214-3771","158010458","N"
"AMY FELDMAN","7383 DIXON DR","","FAIRFIELD TOWNSHIP","OH","45011-5435","154420832","E"
"TIANNA HACKER","575 W GLENDALE ST","","BEDFORD","OH","44146-3249","159118621","N"
"JANET BUSH","500 RATHMELL RD","","LOCKBOURNE","OH","43137-9215","155597838","E"
"DANIEL MUELLER","1130 VANDERBILT RD","","MANSFIELD","OH","44904-9596","156485747","E"
"RICK LAIPPLY","1083 OAK BAY DR","","GALLOWAY","OH","43119-8502","157904495","N"
"CAMERON KEETON","5033 MARDEN CT","","COLUMBUS","OH","43230-4097","156672970","E"
"BRIAN MURPHY","505 LASSITER DR","","CLEVELAND","OH","44143-3615","155002528","E"
"EVAN BRUNO","5915 FOREST AVE","","PARMA","OH","44129-3012","158670075","E"
"CODY SNELL","3548 HAYWOOD CT","","PICKERINGTON","OH","43147-8674","156512714","N"
"MAX MUKIMOV","7961 AUTUMNWIND DR","","CINCINNATI","OH","45249-1246","158387048","N"
"JOSEPH HINKEL","6682 SILVER SKATE DR","","LIBERTY TOWNSHIP","OH","45044-9735","154917094","E"
"JONATHAN PAYNE","7111 HAMPSTEAD AVE","","PARMA","OH","44129-3758","157712724","N"
"ARIANA SMITH","1145 N HIGH ST","UNIT 504","COLUMBUS","OH","43201-2486","159764624","N"
"TAYLOR HUNKER","6587 GRAYBIRCH KNL","","HAMILTON","OH","45011-8587","155586868","E"
"JEANNE ROMANOFF","2077 FULTON RD","","CLEVELAND","OH","44113-3942","157774498","E"
"ROBERT BURKEY","2697 TOWNSHIP ROAD 190","","FREDERICKTOWN","OH","43019-9427","157466070","E"
"BRIAN JOYCE","5981 NORTHVIEW DR","","SEVEN HILLS","OH","44131-2638","157715778","E"
"TERESA BARNES","1547 FELIX DR","","COLUMBUS","OH","43207-3328","159908449","E"
"DANIELLE DEAN","1709 W ARCADIA AVE","","OBETZ","OH","43207-4407","155443802","E"
"ASHTON BEEKER","930 CLINTON ST","","FREMONT","OH","43420-2110","155133645","N"
"KEVIN PARRISH","3984 LARCHMERE DR","","GROVE CITY","OH","43123-8737","158554348","E"
"JOSHUA ROULEAU","1966 FAIRFAX AVE","","CINCINNATI","OH","45207-1906","159282385","N"
"MARLON MCGOWAN","5180 THORNBURY RD","","LYNDHURST","OH","44124-1255","158497603","N"
"VICKIE GORT","12095 PICKWICK PL","","CINCINNATI","OH","45241-6079","158634096","N"
"WILLIAM FUGATE","2901 OXFORD AVE","","MIDDLETOWN","OH","45042-2503","158028469","E"
"VINCENT HENDRIX","7812 QUARRY CLIFF CT","","REYNOLDSBURG","OH","43068-7251","156670981","E"
"SARAH ASHIDA","5281 SCIOTO PKWY","","POWELL","OH","43065-7053","159137918","E"
"APRIL BLACKWELL","5120 E 117TH ST","","CLEVELAND","OH","44125-2804","157189245","E"
"HAMZA HANI","5174 HERITAGE LN","","HILLIARD","OH","43026-1719","158295815","N"
"LEWIS MILLER","6343 CHAMBERS BAY BLVD","","MEDINA","OH","44256-7815","154252948","N"
"NORMAN LEITWEIN","2551 BRISTLECONE LN","","GROVE CITY","OH","43123-1790","157066666","E"
"IGOR DJURIN","5646 ONAWAY OVAL","","PARMA","OH","44130-1639","157196852","E"
"MATTHEW EMCH","12070 STONE POINT CT","","LOVELAND","OH","45140-5419","154844766","E"
"GARY MINIARD","6097 RAMBLINGRIDGE DR","","CINCINNATI","OH","45247-6056","157465937","E"
"VICTORIA KELLER","9628 BIDDINGER CT","","HARRISON","OH","45030-2828","159783354","E"
"PHILIP CONLEY","3026 MONTANA AVE","","CINCINNATI","OH","45211-6710","156936905","E"
"SHELLY BARNARD","2026 MAGEE ST","","LAKEWOOD","OH","44107-5208","158475346","E"
"JUSTINE HUFGARD","20450 WILMORE AVE","","EUCLID","OH","44123-2808","155604046","N"
"WILLIAM KNAUER","145 RICHMOND RD","","RICHMOND HEIGHTS","OH","44143-1240","157578096","N"
"MARLENE AVERY","551 E 250TH ST","","EUCLID","OH","44132-2267","156522309","E"
"AARON BLANTON","8800 OAKCREST WAY","","WEST CHESTER","OH","45069-3277","156900110","N"
"KRISTIN DEKTAS","3269 PEBBLEBROOK LN","","CINCINNATI","OH","45251-5143","156716794","E"
"ALEX FINCH","321 SIEBERT ST","","COLUMBUS","OH","43206-2775","154875798","E"
"AMANDA REID","182 W NORTH ST","","WADSWORTH","OH","44281-1506","157997896","E"
"SARAH HLASKO","750 WINSTON CIR","","MEDINA","OH","44256-7195","154374757","N"
"SUSAN DAVIS","9233 BERKSHIRE RD","","CLEVELAND","OH","44130-3247","158227754","E"
"MARK CONSOLO","3 SE LAKEVIEW DR","","THORNVILLE","OH","43076-9340","159888663","N"
"POLLYANN MAPES","1370 FORSYTHE AVE","","COLUMBUS","OH","43201-2713","159681195","E"
"JESSICA FLICK","2086 ROLLING HILLS BLVD","","FAIRFIELD","OH","45014-3732","159009900","N"
"APARNA VADDIREDDY","211 SOLSTICE RD","","DELAWARE","OH","43015-7691","158774423","N"
"MATTHEW JENKINS","6342 BOONE DR","","POWELL","OH","43065-3567","156769091","E"
"SUSAN SMITH","639 SHORT DICKEY AVE","","GREENFIELD","OH","45123-1634","158898620","E"
"JOHN ESTES","426 EDENMORE ST","","WADSWORTH","OH","44281-6258","153897190","N"
"ROBERT TANNYHILL","625 W FAIRGROUND ST","","MARION","OH","43302-1705","155832717","E"
"SCOTT THOMAS","1672 HANOVER CT","","HAMILTON","OH","45013-4197","154692171","E"
"MICHELLE GIEROSKY","1427 GRIDLEY ST","","LAKEWOOD","OH","44107-3206","156919694","N"
"AUSTIN GORE","4627 HOWE RD","","TRENTON","OH","45067-9516","155397756","E"
"JOHN HOLTZ","11101 FORTUNE AVE","","CLEVELAND","OH","44111-3725","154413364","N"
"BRANDON MILHOAN","109 CARLINGFORD DR","","GRANVILLE","OH","43023-8038","154165170","E"
"JEFFREY HARVEY","1230 STEPHANIE DR","UNIT 2","HAMILTON","OH","45013-1312","154620886","N"
"BRADLEY BARKER","24975 W NORTHWOOD DR","","OLMSTED FALLS","OH","44138-3241","157876878","E"
"EDWARD KALBRUNNER","7090 SEVEN HILLS BLVD","","SEVEN HILLS","OH","44131-4105","155515210","E"
"JASON HORST","418 SHAFOR ST","","MIDDLETOWN","OH","45042-3275","159776085","E"
"DANIEL SHIELDS","4864 RACE RD","","CINCINNATI","OH","45211-1747","156594347","E"
"ERIN SMITH","4674 HUNTERS BND","","POWELL","OH","43065-6007","159138646","E"
"RAJESH KONAKALLA","410 ALICIA KELTON DR","","DELAWARE","OH","43015-5169","156157067","E"
"NORMA WALKER","1378 SMITH RD","","COLUMBUS","OH","43207-1579","154911958","E"
"KEVIN SCOTT","25 BALTIMORE SOMERSET RD NE","","BALTIMORE","OH","43105-9458","159436057","E"
"THIERNO DIOP","3912 DILLON DR","","COLUMBUS","OH","43227-1707","158737194","E"
"ELISHA MARTIN","835 RAMBO LN","","FREMONT","OH","43420-8834","154825529","E"
"JOANNA GRAY","2633 OXFORD TRENTON RD","","OXFORD","OH","45056-9521","155503591","E"
"MATTHEW HINK","140 COWLES AVE","","BEDFORD","OH","44146-3720","157675567","N"
"MARGARITA RIVERA","4207 W 56TH ST","","CLEVELAND","OH","44144-1849","159900160","E"
"LISA MCARTHUR","202 GWEN LN","","TRENTON","OH","45067-1718","158123839","N"
"DEVYN BACKUS","4977 MONNETT NEW WINCHESTER RD","","GALION","OH","44833-9748","158021462","E"
"SYDNEY FRIEND","1236 CLEVELAND HEIGHTS BLVD","","CLEVELAND HTS","OH","44121-1824","156324015","E"
"DIMANCHE TSONGO","1349 W 91ST ST","","CLEVELAND","OH","44102-1831","155463930","E"
"DANIEL FOLDESY","5112 LUCYDALE AVE","","NORTH OLMSTED","OH","44070-4307","156166482","E"
"DAMON CLARK","6270 TWP RD 87","","MOUNT GILEAD","OH","43338-9630","155778134","E"
"MELISSA SWARTZ","7644 ELEVENTH HOUR LN","","WEST CHESTER","OH","45069-1131","156507910","N"
"MELVIN ANDERSON","622 BRUNNER DR","","CINCINNATI","OH","45240-3822","158125716","E"
"NAKIMBA MULLINS","549 COVERED BRIDGE DR","","DELAWARE","OH","43015-3251","156157032","E"
"ANTWON MCDADE","9724 PALMER RD NW","","ETNA","OH","43062-9450","156467647","N"
"CHARLES THOMAS","367 BRANDON DR","","MONROE","OH","45050-2488","158774191","E"
"DYLAN HALL","4312 W 211TH ST","","FAIRVIEW PARK","OH","44126-1509","156612767","N"
"GINA OPALKA","466 DURLING DR","","WADSWORTH","OH","44281-2017","153897178","E"
"LUKE DARROW","7531 MACEDONIA RD","","BEDFORD","OH","44146-6234","158329238","N"
"SREE KOLORA","425 ZELKOVA LN","","LEWIS CENTER","OH","43035-2545","156051780","N"
"MOLLY MCDONALD","1444 HENNING DR","","LYNDHURST","OH","44124-2421","157984128","E"
"BRIAN LOWE","708 WATERTON DR","","WESTERVILLE","OH","43081-1290","155443969","E"
"JOSEPH BURKE","6121 WHITBY SQ W","","COLUMBUS","OH","43229-1970","157851290","E"
"BREANN KRIER","5639 CHILDS AVE","","CINCINNATI","OH","45248-4205","158554963","E"
"RANDALL ROSENTHAL","7121 GATES MILLS BLVD","","GATES MILLS","OH","44040-9716","158289694","E"
"PAUL GRYWALSKI","1232 GREENHAVEN LN","","WADSWORTH","OH","44281-8650","154591522","E"
"ALLISON BATTERTON","5556 FALCO DR","","WESTERVILLE","OH","43081-8247","156888668","N"
"JEFFERY OLIVER","333 AMBER WOOD WAY","","LEWIS CENTER","OH","43035-8723","159714469","E"
"MICHAEL GOHR","929 MELROSE BLVD","","PICKERINGTON","OH","43147-8639","159968605","E"
"ALEXIS CRAIGLOW","344 LEWIS AVE","","LANCASTER","OH","43130-4506","158009618","N"
"QUINN NGUYEN","5048 SIGNAL HILL LN","","CINCINNATI","OH","45244-3822","157453869","E"
"AMANDA METZCAR","8198 JORDAN VALLEY CT","","CLEVES","OH","45002-9114","158715197","E"
"MARY WOLFE","4114 ELSMERE AVE","","CINCINNATI","OH","45212-3608","159902753","E"
"NICHOLAS DILLON","108 KRANER ST","","ETNA","OH","43062-8057","156774031","N"
"TYLER WOLF","833 DAYTON ST","","CINCINNATI","OH","45214-2225","158767822","E"
"LUKE BILL","19921 ELDORA RD","","ROCKY RIVER","OH","44116-1948","156072858","E"
"ROGER SIMPSON","491 TOWNSHIP ROAD 462","","SULLIVAN","OH","44880-9744","157596284","E"
"MICHAEL BROWN","6066 JADKINS WAY","","WESTERVILLE","OH","43081-7571","156443370","E"
"DAVID BARRON","27118 RUSSELL RD","","BAY VILLAGE","OH","44140-2233","153736400","E"
"ELAINE REEVES","127 WESTERN RIDGE DR","","CLEVES","OH","45002-1157","157522746","E"
"JEREMY ABRAHAM","345 ROSHON DR","","MEDINA","OH","44256-2021","154590842","N"
"LISA MCGILL","2560 HOMESTEAD PL","","CINCINNATI","OH","45211-8110","156534977","E"
"ELI HOLLIS","7069 S STATE ROUTE 19","","BLOOMVILLE","OH","44818-9203","159156607","N"
"SUFI ANNOOR","3698 EARL AVE","","COLUMBUS","OH","43219-3934","158059635","E"
"BAILEY CADENA","1557 SPRING LAWN AVE","","CINCINNATI","OH","45223-1639","156199346","N"
"CORY JONES","805 SHERIDAN DR","","LANCASTER","OH","43130-2774","158135446","N"
"WILLIAM BROCK","3490 TRAILVIEW CT","","BRUNSWICK","OH","44212-4297","154019979","E"
"HAYDEN SIMMONS","161 E POSTAL AVE","","NEWARK","OH","43055-6068","157058594","N"
"SANDRA FITZ","354 ARBOR CT","","MEDINA","OH","44256-1554","154213649","E"
"MATTHEW COATES","85 STONE RIDGE LN","","MIDDLETOWN","OH","45044-3247","154005656","E"
"DAVID OBOY","85 LONGLEAF CT","","PICKERINGTON","OH","43147-7901","158854955","E"
"ADAM KRAELING","1304 THURNRIDGE DR","","CINCINNATI","OH","45215-3960","155780338","E"
"CHRISTIAN MEJIA","395 PARK ST","","MARION","OH","43302-2447","158157931","N"
"MACKENZIE HEGERTY","4151 BERRYFIELD DR","","COLUMBUS","OH","43230-5104","156629908","N"
"KARA SOVACOOL","99 SCOTLAND BLVD","","ONTARIO","OH","44906-2236","155090737","N"
"JASON WOLFE","1032 COUNTY ROAD 2256","","PERRYSVILLE","OH","44864-9738","157390515","E"
"CONSTANCE HARRIS","3391 REDSKIN DR","","CINCINNATI","OH","45251-1356","154273321","E"
"SONIA ORRANTE","220 E KELSO RD","","COLUMBUS","OH","43202-2304","158595407","E"
"ALICIA RUPE","440 LEWIS RD","","ONTARIO","OH","44903-4900","158020440","E"
"MICHAELA ABDOU","5463 OLD CREEK LN","","HILLIARD","OH","43026-7753","156941109","E"
"MATTHEW ZAHN","582 ADRIAN DR","","DELAWARE","OH","43015-3096","154941473","N"
"ANTHONY DAVIS","395 AMESBURY DR","","GAHANNA","OH","43230-2342","157009297","N"
"LINDA LOTTMAN","3852 SANDSTONE CIR","","POWELL","OH","43065-8529","156718470","E"
"IVORY CLARK","1648 CASSELL RD","","BUTLER","OH","44822-8928","157367291","E"
"MICHAEL HYDE","871 FAIRWAY DR","","HOWARD","OH","43028-9236","157415168","E"
"PETER ROSALEZ","4920 RONALD DR","","MIDDLETOWN","OH","45042-3980","155223663","E"
"LIJA CLARK","797 EUCLAIRE AVE","","COLUMBUS","OH","43209-2409","155552235","E"
"JORDAN HILGENBERG","1509 MAPLE HEIGHTS DR","","DELAWARE","OH","43015-4595","156802306","N"
"LAUREL MCDONALD","108 CLIFF ST","","MOUNT VERNON","OH","43050-4148","156960266","E"
"XIAOTONG LI","4552 BROADVIEW RD","","CLEVELAND","OH","44109-4656","158520982","N"
"MARTYN HUGHES","7131 SUMPTION DR","","NEW ALBANY","OH","43054-4005","158356893","E"
"RYAN ANDERSON","2509 RIDGE RD","","HINCKLEY","OH","44233-9789","157707637","N"
"KENAN SENEL","3520 MARK DR","","BROADVIEW HEIGHTS","OH","44147-2033","154953629","E"
"NICHOLAS PIKE","459 ELLIOTT AVE","","CINCINNATI","OH","45215-5413","154087555","E"
"NICHOLAS LEHTOMAA","1712 TWP RD 25","","CARDINGTON","OH","43315-9748","156465816","N"
"NATHASHALY OSORIO","15500 STEINWAY BLVD","","MAPLE HEIGHTS","OH","44137-4627","158228249","E"
"JEFFERY LANE","1554 VENICE DR","","COLUMBUS","OH","43207-3352","158133376","E"
"CRYSTAL WALLACE","4577 LASER RD","","SHELBY","OH","44875-9323","157569143","E"
"KODY HEITZ","7950 PARADISE CV","","LIBERTY TOWNSHIP","OH","45044-8978","155853677","E"
"RYAN WASHINGTON","465 STONE SHADOW DR","","BLACKLICK","OH","43004-8305","158431757","E"
"CATHIE WEBSTER","801 S WALNUT ST","","BUCYRUS","OH","44820-2755","153856180","E"
"LESLIE FOGARTY","9850 BOUNDARY LN","","PARMA","OH","44130-5215","154564163","E"
"NATHAN YOUNG","7091 OLD CHAPEL DR","","CINCINNATI","OH","45244-3614","154613618","E"
"JANAE PETERS","1641 IVYDALE RD","","CLEVELAND HEIGHTS","OH","44118-1858","158918648","N"
"JAMES BLAKEY","105 ALDRICH RD","","COLUMBUS","OH","43214-2625","155690207","E"
"JASMINE RYU","2283 TREMONT RD","","COLUMBUS","OH","43221-3705","156622761","E"
"DIANA STUMP","810 WOODALE DR","","BUCYRUS","OH","44820-1658","158641429","E"
"TARIQ HASSAN","5307 LEATHERWOOD DR","","WEST CHESTER","OH","45069-6462","154167051","E"
"KEVIN HENNESSEY","4309 W 202ND ST","","FAIRVIEW PARK","OH","44126-1524","159807895","E"
"THI DOAN","53 ORCHARD HTS","","DELAWARE","OH","43015-1505","158099800","N"
"ANTHONY WILLIAMS","2112 ACACIA PARK DR","APT 214","CLEVELAND","OH","44124-3800","155397847","N"
"ROBERT TAGGART","2930 SCOTT RD","","OXFORD","OH","45056-9371","159808219","E"
"JEROME BROWN","3555 FRENCHPARK DR","","COLUMBUS","OH","43231-7327","155354126","E"
"LUKE PETERS","10410 BALTIC RD","","CLEVELAND","OH","44102-1633","157425549","N"
"JEANIE MARTIN","356 WYLESWOOD DR","","BEREA","OH","44017-2443","157629320","E"
"KENDRA HARTMAN","60 RAMBLESIDE DR","","MANSFIELD","OH","44907-2028","155842143","N"
"ALEKSANDR LABUNSKIY","6589 VALLEVISTA DR","","MAYFIELD HTS","OH","44124-1922","158546085","E"
"KAYLA BENEDIX","1739 PICKERINGTON RD","","CARROLL","OH","43112-3701","154851449","E"
"ADAIR KRIEGER","853 STANWELL DR","","HIGHLAND HEIGHTS","OH","44143-3233","155090524","E"
"TODD NOTHSTEIN","224 E DESHLER AVE","","COLUMBUS","OH","43206-2711","156678558","E"
"APRIL FOUNTAIN","4830 AUTUMN LN","","BROOKLYN","OH","44144-3151","158446780","N"
"DILLON CULP","11860 VILLAGE WAY DR","","PICKERINGTON","OH","43147-8923","157800684","E"
"JONATHAN SIEGEL","240 FOX HOLLOW DR","APT 100","MAYFIELD HEIGHTS","OH","44124-6103","155604809","E"
"ROJEAN BARNETT","13000 WOODWARD BLVD","","GARFIELD HEIGHTS","OH","44125-3825","154158962","E"
"CHARLES MEYERS","866 SUNCREEK CT","","CINCINNATI","OH","45238-4837","158266224","E"
"DARLENE IDDINGS","1630 SALE RD","","COLUMBUS","OH","43224-2158","154937246","E"
"TINA STEVENS","3858 BERRYWOOD DR","","DELAWARE","OH","43015-7402","158487637","E"
"JENNA WHITE","4216 PAUL RD","","CINCINNATI","OH","45238-5845","159993504","E"
"FREDY LORENZO","546 RENTZ PL","","CINCINNATI","OH","45238-5508","154114104","E"
"KYLE LOWERY","1962 ANDINA AVE","","CINCINNATI","OH","45237-6018","153725362","E"
"DARRYL MILLER","11843 TENNYSON DR","","CINCINNATI","OH","45241-2195","157063624","E"
"GEORGE DIEFENBACHER","5675 YEATMAN RD","","CINCINNATI","OH","45252-1465","154876352","E"
"CARLOS DURAN","5483 ENGLECREST DR","","CANAL WINCHESTER","OH","43110-7980","154414168","E"
"TYLER RAABE","9621 ELSMERE DR","","PARMA","OH","44130-1626","154415826","N"
"DANIEL PACHKO","223 E PATTERSON AVE","","COLUMBUS","OH","43202-3028","154663311","N"
"NATHAN CLARK","190 CREIGHTON CT","","COLUMBUS","OH","43230-1609","159342660","N"
"GARY BROWN","5661 SEAPINE RD","","HILLIARD","OH","43026-8200","158799953","E"
"BRIAN TATMAN","806 STATE ROUTE 286","","SARDINIA","OH","45171-8244","159738967","E"
"TODD DANDREA","8360 LAIDBROOK PL","","NEW ALBANY","OH","43054-7516","153868215","E"
"JACOB OLSZEWSKI","44 VICTORIAN GATE WAY","","COLUMBUS","OH","43215-1680","153988875","N"
"JESSICA LAUSCHIN","120 STURBRIDGE DR","","MEDINA","OH","44256-2863","156888819","N"
"JACE ONEIL","17084 TUMA RUN RD","","UTICA","OH","43080-9663","159330731","E"
"DEBORAH WHITE","1540 RYDALMOUNT RD","","CLEVELAND","OH","44118-1350","154336586","E"
"ANDREW SMITH","5415 PELHAM DR","","PARMA","OH","44129-4733","155142332","E"
"HEATHER SMITH","2695 CYPRESS WAY","","NORWOOD","OH","45212-1855","154562173","E"
"STEPHEN MEDLEY","5505 SCENIC TRAIL DR","","FAIRFIELD TOWNSHIP","OH","45011-3797","157623939","E"
"JOSEPH CRAIG","2976 PRINCEVILLE DR","","PICKERINGTON","OH","43147-9808","158466809","E"
"HANNAH LATSHAW","307 CHERRY LEAF RD","","DELAWARE","OH","43015-8357","158909008","N"
"DANIEL HEMSINK","4703 BASIL LN","","CINCINNATI","OH","45238-5482","158081432","N"
"JESSICA DELACRUZ","1034 BOULDER DR","","DELAWARE","OH","43015-3887","159155188","E"
"ANDRIY MOLODYY","3335 VALLEY FORGE DR","","BRUNSWICK","OH","44212-3154","155352845","N"
"NICOLE KINCAID","3881 ROYAL OAK DR","","BRUNSWICK","OH","44212-3577","157312401","E"
"RICHARD KARST","7030 STATE ROUTE 656","","SUNBURY","OH","43074-9442","156157039","E"
"FRANK PAULEY","40742 TOWNSHIP ROAD 41","","WARSAW","OH","43844-9348","159798876","N"
"LINDIE WANG","4268 PEPPERMILL LN","","BLUE ASH","OH","45242-6031","159662809","N"
"LUDIE SCOTT","3028 KNOLL DR","","COLUMBUS","OH","43230-3120","155443900","E"
"ASHLEY KANE","1495 HOLTON RD","","GROVE CITY","OH","43123-9729","158295869","E"
"GERALD RIGGS","3630 NEIHEISEL AVE","","CINCINNATI","OH","45248-3126","155186087","E"
"LEXI HERBERS","6317 STARRIDGE CT","","CINCINNATI","OH","45248-3928","157977044","N"
"PAIGE TULCEWICZ","28628 ASPEN DR","","NORTH OLMSTED","OH","44070-5107","156749359","E"
"HEATHER MARTIN","341 W SOUTHERN AVE","","BUCYRUS","OH","44820-3128","154553295","E"
"KARL SOOY","357 BASSETT RD","","BAY VILLAGE","OH","44140-1206","154792619","E"
"ALEXANDRIA DELASANTOS","21001 S WOODLAND RD","","SHAKER HEIGHTS","OH","44122-3017","158953483","E"
"KERI CUNNINGHAM","420 MANNING ST","","NEWARK","OH","43055-6457","157188786","E"
"TIMOTHY MALY","5951 LESTER RD","","CINCINNATI","OH","45213-1607","157768894","E"
"KATHERINE REICHELDERFER","11065 16TH RD SW","","STOUTSVILLE","OH","43154-9592","157892039","E"
"JAMES LABINE","2255 AMITY RD","","HILLIARD","OH","43026-9440","156300576","E"
"DIANNE PINES","3763 NATHAN CT","","BRUNSWICK","OH","44212-4435","157595361","E"
"SANDRA ROJAS","753 RONSON AVE","","COLUMBUS","OH","43230-3238","157277509","E"
"GARY DIECKMAN","25848 BAGLEY RD","","OLMSTED FALLS","OH","44138-1920","158546078","E"
"DALE MARSHALL","308 EFFINGTON LN","","COLUMBUS","OH","43207-5337","158557990","E"
"PAMELA SWAIN","712 STONE RIDGE WAY","","NEWARK","OH","43055-7932","159776469","E"
"ROSALIE LOWE","9342 SWAMP RD","","HEBRON","OH","43025-8601","159963516","E"
"KYRA COOK","23 NORTH AVE","","CINCINNATI","OH","45215-2119","153883761","N"
"NICHOLAS LAGRECA","11225 GIDEON LN","","CINCINNATI","OH","45249-2225","157917344","N"
"BRIAN PARSLEY","604 CHERRY ST","","GALION","OH","44833-2403","157402662","E"
"JENNIFER GRUBB","103 OAK HILLS DR","","HILLSBORO","OH","45133-7391","158692410","E"
"LINDA CIPRIANI","10060 BROOKSIDE CIR","","NORTH ROYALTON","OH","44133-3149","154758028","N"
"ALEX BURNS","2519 ROOSEVELT AVE","","CINCINNATI","OH","45231-1527","159662770","N"
"LOUIS MEKRUIT","26926 1ST ST","","WESTLAKE","OH","44145-1409","158413442","N"
"ROBERT MARCHIONNE","4318 PITTS AVE","","CINCINNATI","OH","45223-2007","157826313","E"
"MARIE DEITERS","2856 WERK RD","","CINCINNATI","OH","45211-7107","158818088","E"
"JEFFREY HERYNK","7377 AMBER LN","","BRECKSVILLE","OH","44141-1901","157605877","E"
"DIANE PARA","3404 WALWORTH AVE","","CINCINNATI","OH","45226-1050","159237573","E"
"JEFFREY DISTLER","5732 DUNNWOOD CT","","DUBLIN","OH","43017-9435","158958239","N"
"KEVIN WILLIAMS","5978 ABERNATHY LN","","COLUMBUS","OH","43232-7468","159143705","N"
"ESZTER GOZON","3880 FRY RD","","OSTRANDER","OH","43061-9412","155608634","N"
"DEREK ELLIOTT","25720 NEIL RD","","DANVILLE","OH","43014-2501","156672302","E"
"TODD LONGWELL","1055 WESTMOOR DR","","GALION","OH","44833-1049","158006653","E"
"MATTHEW PAPPAS","2324 RICHMOND RD","","BEACHWOOD","OH","44122-1777","159220603","E"
"JOHN GARRETT","5214 MORNING CIR","","HILLIARD","OH","43026-1029","155279122","E"
"MARIAN KNAPP","5659 CENTERVILLE PROSPECT RD","","PROSPECT","OH","43342-9529","158059709","E"
"KRYSTAL KERN","4721 SAHALEE DR","","GROVE CITY","OH","43123-8104","158542540","E"
"MATTHEW LEWIS","12050 BEECH TRL","","HILLSBORO","OH","45133-9734","159417586","N"
"MARILYN ARMSTRONG","619 S OAKLEY AVE","","COLUMBUS","OH","43204-2920","157533125","E"
"THOMAS MYERS","8967 ARABIAN CT","","CINCINNATI","OH","45242-5440","155602597","E"
"MICHELE GRISMER","608 LATHAM CT","","COLUMBUS","OH","43214-3410","158841615","E"
"NATHAN HARLOW","7584 TOTTEN SPRINGS DR","","WESTERVILLE","OH","43082-9376","158908835","N"
"KELLY DIXON","133 TURNER RIDGE DR","","HARRISON","OH","45030-2550","155376373","N"
"TIMOTHY RICHARDSON","6880 BARKER DR","","CANAL WINCHESTER","OH","43110-9102","155801027","N"
"JUAN CADENA","5514 OAKHURST DR","","HEBRON","OH","43025-9020","158856356","N"
"MATTHEW NEE","4970 LANSING DR","","NORTH OLMSTED","OH","44070-2414","159330392","E"
"RACHEL WAY","1601 FRUITLAND AVE","","CLEVELAND","OH","44124-3403","154243428","E"
"MARVIN HARTZLER","2274 WALL RD","","RITTMAN","OH","44270-9606","158982101","E"
"CHRISTINA CORKREAN","250 E WOODROW AVE","","COLUMBUS","OH","43207-1966","153883726","E"
"ANNA NIELSEN","940 MINERVA AVE","","COLUMBUS","OH","43229-5032","156629280","N"
"ROCCO PUZZITIELLO","27887 HILLIARD BLVD","","WESTLAKE","OH","44145-3033","154614141","E"
"RAYMOND KUROWSKI","12920 W SPRAGUE RD","","PARMA","OH","44130-7133","153897050","E"
"SHANNEN ANDREFF","251 CHELLEY LN","","WADSWORTH","OH","44281-9092","159089176","N"
"DAVID BRAUN","5176 LONGRIFLE RD","","WESTERVILLE","OH","43081-4460","154367198","E"
"ERIC MITCHELL","1299 HICKORY VALLEY DR","","BLACKLICK","OH","43004-7027","157936591","E"
"JONATHAN MARILAO","2094 MELONE DR","","HILLIARD","OH","43026-9862","156811364","N"
"NICHOLAS HENWOOD","1661 SUTTON AVE","","CINCINNATI","OH","45230-1875","154749686","E"
"MASON MASKOWITZ","3257 WASHINGTON BLVD","","CLEVELAND HEIGHTS","OH","44118-2546","156169300","N"
"VICKIE SCYTHES","318 STONEY RIDGE DR","","PATASKALA","OH","43062-9457","157531903","E"
"SAMAR SHARMA","7410 ORCHARD ST","","CINCINNATI","OH","45227-3908","156857196","N"
"BUNTHOEUN CHEA","6486 BALLAST RD","","GALLOWAY","OH","43119-3301","155398073","E"
"MAUREEN LOPARO","3456 BEVERLY HILLS DR","","ROCKY RIVER","OH","44116-3741","158918670","E"
"ETHAN ICE","479 UHLER AVE","","MARION","OH","43302-5416","158059698","N"
"NATHAN KRUMMEN","4178 JANWARD DR","","CINCINNATI","OH","45211-3406","159476239","N"
"YI-YING HUANG","4089 FOX CHASE","","SEVEN HILLS","OH","44131-5271","158206651","N"
"KERMIT STEARNS","5288 HARBOR POINTE DR","","GALENA","OH","43021-9023","156801892","E"
"KATHY REA","4187 COLUMBIA RD","APT 334","NORTH OLMSTED","OH","44070-2086","159397553","N"
"WILLIAM REED","1409 APJONES ST","","CINCINNATI","OH","45223-1803","154913921","E"
"JAMES STUGMYER","412 E ABERDEEN DR","","TRENTON","OH","45067-9702","158151307","E"
"JOYCE MILES","7150 E MAIN ST","APT C105","REYNOLDSBURG","OH","43068-2033","154029257","N"
"RACHEL HODGSON","27842 BIRCHWOOD CT","","WESTLAKE","OH","44145-1259","158112314","E"
"AARON DAVIS","8668 FAIRBROOK AVE","","GALLOWAY","OH","43119-8707","153989115","E"
"BRANDON GODSEY","2207 ROLLING HILLS BLVD","","FAIRFIELD","OH","45014-3735","154715247","N"
"ANNAMAR RUIZ","3114 MURDOCK AVE","","CINCINNATI","OH","45205-2241","157711584","N"
"MAKENZIE BUSH","1763 HESS BLVD","","COLUMBUS","OH","43212-1418","156378603","N"
"BRIAN HANNA","625 COUNTRY CLUB DR","APT B12","NEWARK","OH","43055-1656","155823086","N"
"JOHN FORK","410 W COLLEGE AVE","","WOODVILLE","OH","43469-1313","156610230","E"
"JAMES BALL","7455 DICKEY RD","","MIDDLETOWN","OH","45042-9249","156941805","E"
"JESSICA SMITH","27447 DUNFORD RD","","WESTLAKE","OH","44145-5345","159908409","N"
"GRACE CERICH","519 WESTVIEW AVE","","CINCINNATI","OH","45215-2949","156766162","N"
"JORDAN DRANSCHAK","4067 CANICE AVE","","COLUMBUS","OH","43219-8136","156864306","N"
"ERIC GILKEY","6209 HESTER RD","","OXFORD","OH","45056-1050","157923400","N"
"TYLER MORGAN","8160 CRETE LN","","BLACKLICK","OH","43004-8188","159058473","E"
